[NNS] ||| audits ||| auditing ||| PPDB2.0Score=4.69265 PPDB1.0Score=17.513170 -logp(LHS|e1)=1.24587 -logp(LHS|e2)=7.18925 -logp(e1|LHS)=10.26294 -logp(e1|e2)=8.44768 -logp(e1|e2,LHS)=2.09186 -logp(e2|LHS)=16.82413 -logp(e2|e1)=9.06549 -logp(e2|e1,LHS)=8.65305 AGigaSim=0.48218 Abstract=0 Adjacent=0 CharCountDiff=2 CharLogCR=0.28768 ContainsX=0 Equivalence=0.530458 Exclusion=0.000004 GlueRule=0 GoogleNgramSim=0.00614 Identity=0 Independent=0.042972 Lex(e1|e2)=62.90141 Lex(e2|e1)=62.90141 Lexical=1 LogCount=0 MVLSASim=NA Monotonic=1 OtherRelated=0.027701 PhrasePenalty=1 RarityPenalty=0.36788 ReverseEntailment=0.398865 SourceTerminalsButNoTarget=0 SourceWords=1 TargetComplexity=0.99233 TargetFormality=0.99701 TargetTerminalsButNoSource=0 TargetWords=1 UnalignedSource=0 UnalignedTarget=0 WordCountDiff=0 WordLenDiff=2.00000 WordLogCR=0 ||| 0-0 ||| Equivalence
[VB] ||| ill-treatment ||| mistreatment ||| PPDB2.0Score=4.69058 PPDB1.0Score=5.202140 -logp(LHS|e1)=3.59094 -logp(LHS|e2)=3.09374 -logp(e1|LHS)=11.95783 -logp(e1|e2)=1.51997 -logp(e1|e2,LHS)=1.12366 -logp(e2|LHS)=13.62284 -logp(e2|e1)=3.68217 -logp(e2|e1,LHS)=2.78867 AGigaSim=0.76517 Abstract=0 Adjacent=0 CharCountDiff=-1 CharLogCR=-0.08004 ContainsX=0 Equivalence=0.492432 Exclusion=0.003074 GlueRule=0 GoogleNgramSim=0.01841 Identity=0 Independent=0.123346 Lex(e1|e2)=61.43511 Lex(e2|e1)=61.43511 Lexical=1 LogCount=2.30259 MVLSASim=NA Monotonic=1 OtherRelated=0.215486 PhrasePenalty=1 RarityPenalty=0 ReverseEntailment=0.165663 SourceTerminalsButNoTarget=0 SourceWords=1 TargetComplexity=1.00000 TargetFormality=1.00000 TargetTerminalsButNoSource=0 TargetWords=1 UnalignedSource=0 UnalignedTarget=0 WordCountDiff=0 WordLenDiff=-1.00000 WordLogCR=0 ||| 0-0 ||| Equivalence
[JJ] ||| social-cultural ||| socio-cultural ||| PPDB2.0Score=4.69000 PPDB1.0Score=5.969620 -logp(LHS|e1)=0.10008 -logp(LHS|e2)=0.13643 -logp(e1|LHS)=15.43860 -logp(e1|e2)=4.73089 -logp(e1|e2,LHS)=4.53517 -logp(e2|LHS)=11.98278 -logp(e2|e1)=1.23873 -logp(e2|e1,LHS)=1.07935 AGigaSim=0.66242 Abstract=0 Adjacent=0 CharCountDiff=-1 CharLogCR=-0.06899 ContainsX=0 Equivalence=0.572111 Exclusion=0.001649 GlueRule=0 GoogleNgramSim=0 Identity=0 Independent=0.064333 Lex(e1|e2)=61.92059 Lex(e2|e1)=61.92059 Lexical=1 LogCount=1.79176 MVLSASim=NA Monotonic=1 OtherRelated=0.228004 PhrasePenalty=1 RarityPenalty=0 ReverseEntailment=0.133902 SourceTerminalsButNoTarget=0 SourceWords=1 TargetTerminalsButNoSource=0 TargetWords=1 UnalignedSource=0 UnalignedTarget=0 WordCountDiff=0 WordLenDiff=-1.00000 WordLogCR=0 ||| 0-0 ||| Equivalence
[NNS] ||| targets ||| targeting ||| PPDB2.0Score=4.68937 PPDB1.0Score=15.662260 -logp(LHS|e1)=0.07357 -logp(LHS|e2)=4.13477 -logp(e1|LHS)=7.53311 -logp(e1|e2)=6.93500 -logp(e1|e2,LHS)=3.85696 -logp(e2|LHS)=13.38657 -logp(e2|e1)=8.72726 -logp(e2|e1,LHS)=9.71041 AGigaSim=0.18304 Abstract=0 Adjacent=0 CharCountDiff=2 CharLogCR=0.25131 ContainsX=0 Equivalence=0.440631 Exclusion=0.000006 GlueRule=0 GoogleNgramSim=0.06132 Identity=0 Independent=0.103369 Lex(e1|e2)=61.80282 Lex(e2|e1)=61.80282 Lexical=1 LogCount=2.07944 MVLSASim=NA Monotonic=1 OtherRelated=0.050965 PhrasePenalty=1 RarityPenalty=0 ReverseEntailment=0.405029 SourceTerminalsButNoTarget=0 SourceWords=1 TargetComplexity=0.98989 TargetFormality=0.99867 TargetTerminalsButNoSource=0 TargetWords=1 UnalignedSource=0 UnalignedTarget=0 WordCountDiff=0 WordLenDiff=2.00000 WordLogCR=0 ||| 0-0 ||| Equivalence
[JJ] ||| geographic ||| geographical ||| PPDB2.0Score=4.68730 PPDB1.0Score=2.157000 -logp(LHS|e1)=0.20865 -logp(LHS|e2)=0.08451 -logp(e1|LHS)=9.23751 -logp(e1|e2)=1.53572 -logp(e1|e2,LHS)=1.48992 -logp(e2|LHS)=8.19893 -logp(e2|e1)=0.62128 -logp(e2|e1,LHS)=0.45135 AGigaSim=0.58580 Abstract=0 Adjacent=0 CharCountDiff=2 CharLogCR=0.18232 ContainsX=0 Equivalence=0.413354 Exclusion=0.000177 GlueRule=0 GoogleNgramSim=0.14066 Identity=0 Independent=0.046316 Lex(e1|e2)=59.08010 Lex(e2|e1)=59.08010 Lexical=1 LogCount=5.40268 MVLSASim=NA Monotonic=1 OtherRelated=0.377414 PhrasePenalty=1 RarityPenalty=0 ForwardEntailment=0.162739 SourceTerminalsButNoTarget=0 SourceWords=1 TargetComplexity=0.99211 TargetFormality=0.97360 TargetTerminalsButNoSource=0 TargetWords=1 UnalignedSource=0 UnalignedTarget=0 WordCountDiff=0 WordLenDiff=2.00000 WordLogCR=0 ||| 0-0 ||| Equivalence
[JJ] ||| high-tech ||| hi-tech ||| PPDB2.0Score=4.68703 PPDB1.0Score=3.886430 -logp(LHS|e1)=0.06567 -logp(LHS|e2)=0.12383 -logp(e1|LHS)=10.45392 -logp(e1|e2)=1.20243 -logp(e1|e2,LHS)=0.64133 -logp(e2|LHS)=11.99364 -logp(e2|e1)=2.68400 -logp(e2|e1,LHS)=2.18105 AGigaSim=0.65317 Abstract=0 Adjacent=0 CharCountDiff=-2 CharLogCR=-0.25131 ContainsX=0 Equivalence=0.532607 Exclusion=0.000704 GlueRule=0 GoogleNgramSim=0.01227 Identity=0 Independent=0.061867 Lex(e1|e2)=60.12888 Lex(e2|e1)=60.12888 Lexical=1 LogCount=3.95124 MVLSASim=NA Monotonic=1 OtherRelated=0.294476 PhrasePenalty=1 RarityPenalty=0 ForwardEntailment=0.110346 SourceTerminalsButNoTarget=0 SourceWords=1 TargetComplexity=0.98668 TargetFormality=1.00000 TargetTerminalsButNoSource=0 TargetWords=1 UnalignedSource=0 UnalignedTarget=0 WordCountDiff=0 WordLenDiff=-2.00000 WordLogCR=0 ||| 0-0 ||| Equivalence
[JJ] ||| high-technology ||| high-tech ||| PPDB2.0Score=4.68625 PPDB1.0Score=4.021180 -logp(LHS|e1)=0.61621 -logp(LHS|e2)=0.06567 -logp(e1|LHS)=12.47496 -logp(e1|e2)=2.74584 -logp(e1|e2,LHS)=2.66571 -logp(e2|LHS)=10.45392 -logp(e2|e1)=1.27534 -logp(e2|e1,LHS)=0.64467 AGigaSim=0.49290 Abstract=0 Adjacent=0 CharCountDiff=-6 CharLogCR=-0.51083 ContainsX=0 Equivalence=0.396006 Exclusion=0.001313 GlueRule=0 GoogleNgramSim=0 Identity=0 Independent=0.077481 Lex(e1|e2)=60.23886 Lex(e2|e1)=60.23886 Lexical=1 LogCount=3.76120 MVLSASim=NA Monotonic=1 OtherRelated=0.399821 PhrasePenalty=1 RarityPenalty=0 ReverseEntailment=0.125378 SourceTerminalsButNoTarget=0 SourceWords=1 TargetComplexity=0.99568 TargetFormality=1.00000 TargetTerminalsButNoSource=0 TargetWords=1 UnalignedSource=0 UnalignedTarget=0 WordCountDiff=0 WordLenDiff=-6.00000 WordLogCR=0 ||| 0-0 ||| OtherRelated
[NN] ||| communications ||| communication ||| PPDB2.0Score=4.68546 PPDB1.0Score=3.540450 -logp(LHS|e1)=3.46628 -logp(LHS|e2)=0.18631 -logp(e1|LHS)=11.10100 -logp(e1|e2)=1.98202 -logp(e1|e2,LHS)=4.03350 -logp(e2|LHS)=7.39744 -logp(e2|e1)=1.55843 -logp(e2|e1,LHS)=0.32994 AGigaSim=0.51410 Abstract=0 Adjacent=0 CharCountDiff=-1 CharLogCR=-0.07411 ContainsX=0 Equivalence=0.055053 Exclusion=0.000406 GlueRule=0 GoogleNgramSim=0 Identity=0 Independent=0.283176 Lex(e1|e2)=59.16381 Lex(e2|e1)=59.16381 Lexical=1 LogCount=4.90527 MVLSASim=NA Monotonic=1 OtherRelated=0.463059 PhrasePenalty=1 RarityPenalty=0 ReverseEntailment=0.198306 SourceTerminalsButNoTarget=0 SourceWords=1 TargetComplexity=0.99362 TargetFormality=0.99413 TargetTerminalsButNoSource=0 TargetWords=1 UnalignedSource=0 UnalignedTarget=0 WordCountDiff=0 WordLenDiff=-1.00000 WordLogCR=0 ||| 0-0 ||| OtherRelated
[JJ] ||| judeo-christian ||| judaeo-christian ||| PPDB2.0Score=4.68087 PPDB1.0Score=2.869700 -logp(LHS|e1)=0 -logp(LHS|e2)=0.03572 -logp(e1|LHS)=14.70674 -logp(e1|e2)=1.96480 -logp(e1|e2,LHS)=1.86199 -logp(e2|LHS)=13.68256 -logp(e2|e1)=0.90490 -logp(e2|e1,LHS)=0.83781 AGigaSim=0.64383 Abstract=0 Adjacent=0 CharCountDiff=1 CharLogCR=0.06454 ContainsX=0 Equivalence=0.510768 Exclusion=0.000438 GlueRule=0 GoogleNgramSim=0 Identity=0 Independent=0.025429 Lex(e1|e2)=61.29199 Lex(e2|e1)=61.29199 Lexical=1 LogCount=2.56495 MVLSASim=NA Monotonic=1 OtherRelated=0.314513 PhrasePenalty=1 RarityPenalty=0 ReverseEntailment=0.148852 SourceTerminalsButNoTarget=0 SourceWords=1 TargetComplexity=0.99366 TargetFormality=0.93564 TargetTerminalsButNoSource=0 TargetWords=1 UnalignedSource=0 UnalignedTarget=0 WordCountDiff=0 WordLenDiff=1.00000 WordLogCR=0 ||| 0-0 ||| Equivalence
[JJ] ||| israel-palestine ||| israeli-palestinian ||| PPDB2.0Score=4.67854 PPDB1.0Score=5.062430 -logp(LHS|e1)=0.16882 -logp(LHS|e2)=0.00960 -logp(e1|LHS)=13.91713 -logp(e1|e2)=4.15858 -logp(e1|e2,LHS)=3.93558 -logp(e2|LHS)=10.50318 -logp(e2|e1)=0.90385 -logp(e2|e1,LHS)=0.52163 AGigaSim=0.46054 Abstract=0 Adjacent=0 CharCountDiff=3 CharLogCR=0.17185 ContainsX=0 Equivalence=0.451376 Exclusion=0.000627 GlueRule=0 GoogleNgramSim=0 Identity=0 Independent=0.089945 Lex(e1|e2)=60.95552 Lex(e2|e1)=60.95552 Lexical=1 LogCount=2.99573 MVLSASim=NA Monotonic=1 OtherRelated=0.283214 PhrasePenalty=1 RarityPenalty=0 ReverseEntailment=0.174837 SourceTerminalsButNoTarget=0 SourceWords=1 TargetComplexity=1.00000 TargetTerminalsButNoSource=0 TargetWords=1 UnalignedSource=0 UnalignedTarget=0 WordCountDiff=0 WordLenDiff=3.00000 WordLogCR=0 ||| 0-0 ||| Equivalence
[NN] ||| jewelry ||| jewellery ||| PPDB2.0Score=4.67824 PPDB1.0Score=3.216710 -logp(LHS|e1)=0.04074 -logp(LHS|e2)=0.27955 -logp(e1|LHS)=12.84977 -logp(e1|e2)=2.03895 -logp(e1|e2,LHS)=1.48770 -logp(e2|LHS)=12.22739 -logp(e2|e1)=1.17776 -logp(e2|e1,LHS)=0.86531 AGigaSim=0.74914 Abstract=0 Adjacent=0 CharCountDiff=2 CharLogCR=0.25131 ContainsX=0 Equivalence=0.446322 Exclusion=0.000577 GlueRule=0 GoogleNgramSim=0 Identity=0 Independent=0.098221 Lex(e1|e2)=60.82201 Lex(e2|e1)=60.82201 Lexical=1 LogCount=3.04452 MVLSASim=NA Monotonic=1 OtherRelated=0.339673 PhrasePenalty=1 RarityPenalty=0 ReverseEntailment=0.115206 SourceTerminalsButNoTarget=0 SourceWords=1 TargetComplexity=0.98652 TargetFormality=0.00000 TargetTerminalsButNoSource=0 TargetWords=1 UnalignedSource=0 UnalignedTarget=0 WordCountDiff=0 WordLenDiff=2.00000 WordLogCR=0 ||| 0-0 ||| Equivalence
[JJ] ||| austrian-hungarian ||| austro-hungarian ||| PPDB2.0Score=4.67815 PPDB1.0Score=4.835140 -logp(LHS|e1)=0.13976 -logp(LHS|e2)=0.75595 -logp(e1|LHS)=16.08046 -logp(e1|e2)=3.22229 -logp(e1|e2,LHS)=2.43840 -logp(e2|LHS)=15.08720 -logp(e2|e1)=1.61285 -logp(e2|e1,LHS)=1.44514 AGigaSim=0.69838 Abstract=0 Adjacent=0 CharCountDiff=-2 CharLogCR=-0.11778 ContainsX=0 Equivalence=0.522554 Exclusion=0.001372 GlueRule=0 GoogleNgramSim=0 Identity=0 Independent=0.021220 Lex(e1|e2)=62.05412 Lex(e2|e1)=62.05412 Lexical=1 LogCount=1.38629 MVLSASim=NA Monotonic=1 OtherRelated=0.324808 PhrasePenalty=1 RarityPenalty=0.00034 ReverseEntailment=0.130046 SourceTerminalsButNoTarget=0 SourceWords=1 TargetComplexity=0.98810 TargetTerminalsButNoSource=0 TargetWords=1 UnalignedSource=0 UnalignedTarget=0 WordCountDiff=0 WordLenDiff=-2.00000 WordLogCR=0 ||| 0-0 ||| Equivalence
[JJ] ||| logistic ||| logistical ||| PPDB2.0Score=4.67569 PPDB1.0Score=3.422130 -logp(LHS|e1)=0.58383 -logp(LHS|e2)=0.01946 -logp(e1|LHS)=11.30935 -logp(e1|e2)=2.30386 -logp(e1|e2,LHS)=2.09801 -logp(e2|LHS)=9.55939 -logp(e2|e1)=1.11827 -logp(e2|e1,LHS)=0.34806 AGigaSim=0.74914 Abstract=0 Adjacent=0 CharCountDiff=2 CharLogCR=0.22314 ContainsX=0 Equivalence=0.424764 Exclusion=0.000110 GlueRule=0 GoogleNgramSim=0 Identity=0 Independent=0.022606 Lex(e1|e2)=59.95704 Lex(e2|e1)=59.95704 Lexical=1 LogCount=4.20469 MVLSASim=NA Monotonic=1 OtherRelated=0.342595 PhrasePenalty=1 RarityPenalty=0 ReverseEntailment=0.209924 SourceTerminalsButNoTarget=0 SourceWords=1 TargetComplexity=1.00000 TargetFormality=1.00000 TargetTerminalsButNoSource=0 TargetWords=1 UnalignedSource=0 UnalignedTarget=0 WordCountDiff=0 WordLenDiff=2.00000 WordLogCR=0 ||| 0-0 ||| Equivalence
[JJ] ||| non-government ||| non-governmental ||| PPDB2.0Score=4.67567 PPDB1.0Score=4.637470 -logp(LHS|e1)=0.22389 -logp(LHS|e2)=0.11268 -logp(e1|LHS)=11.08561 -logp(e1|e2)=4.08107 -logp(e1|e2,LHS)=3.98726 -logp(e2|LHS)=7.44970 -logp(e2|e1)=0.55640 -logp(e2|e1,LHS)=0.35135 AGigaSim=0.69838 Abstract=0 Adjacent=0 CharCountDiff=2 CharLogCR=0.13353 ContainsX=0 Equivalence=0.518625 Exclusion=0.000372 GlueRule=0 GoogleNgramSim=0.07356 Identity=0 Independent=0.045506 Lex(e1|e2)=60.26242 Lex(e2|e1)=60.26242 Lexical=1 LogCount=3.93183 MVLSASim=NA Monotonic=1 OtherRelated=0.135399 PhrasePenalty=1 RarityPenalty=0 ReverseEntailment=0.300098 SourceTerminalsButNoTarget=0 SourceWords=1 TargetComplexity=0.99845 TargetFormality=1.00000 TargetTerminalsButNoSource=0 TargetWords=1 UnalignedSource=0 UnalignedTarget=0 WordCountDiff=0 WordLenDiff=2.00000 WordLogCR=0 ||| 0-0 ||| Equivalence
[JJ] ||| homogenous ||| homogeneous ||| PPDB2.0Score=4.67552 PPDB1.0Score=3.350510 -logp(LHS|e1)=0.02116 -logp(LHS|e2)=0.17758 -logp(e1|LHS)=12.18660 -logp(e1|e2)=2.16890 -logp(e1|e2,LHS)=1.92204 -logp(e2|LHS)=11.35573 -logp(e2|e1)=1.18161 -logp(e2|e1,LHS)=1.09117 AGigaSim=0.88764 Abstract=0 Adjacent=0 CharCountDiff=1 CharLogCR=0.09531 ContainsX=0 Equivalence=0.519930 Exclusion=0.000813 GlueRule=0 GoogleNgramSim=0 Identity=0 Independent=0.040278 Lex(e1|e2)=60.59888 Lex(e2|e1)=60.59888 Lexical=1 LogCount=3.46574 MVLSASim=NA Monotonic=1 OtherRelated=0.321611 PhrasePenalty=1 RarityPenalty=0 ReverseEntailment=0.117368 SourceTerminalsButNoTarget=0 SourceWords=1 TargetComplexity=0.99321 TargetFormality=1.00000 TargetTerminalsButNoSource=0 TargetWords=1 UnalignedSource=0 UnalignedTarget=0 WordCountDiff=0 WordLenDiff=1.00000 WordLogCR=0 ||| 0-0 ||| Equivalence
[JJ] ||| lower-income ||| low-income ||| PPDB2.0Score=4.67551 PPDB1.0Score=4.970970 -logp(LHS|e1)=0 -logp(LHS|e2)=0.02892 -logp(e1|LHS)=13.19287 -logp(e1|e2)=4.16105 -logp(e1|e2,LHS)=3.81771 -logp(e2|LHS)=9.87066 -logp(e2|e1)=0.80992 -logp(e2|e1,LHS)=0.49550 AGigaSim=0.72425 Abstract=0 Adjacent=0 CharCountDiff=-2 CharLogCR=-0.18232 ContainsX=0 Equivalence=0.431229 Exclusion=0.001438 GlueRule=0 GoogleNgramSim=0.09802 Identity=0 Independent=0.064121 Lex(e1|e2)=60.86458 Lex(e2|e1)=60.86458 Lexical=1 LogCount=3.04452 MVLSASim=NA Monotonic=1 OtherRelated=0.397141 PhrasePenalty=1 RarityPenalty=0 ReverseEntailment=0.106071 SourceTerminalsButNoTarget=0 SourceWords=1 TargetComplexity=0.99063 TargetTerminalsButNoSource=0 TargetWords=1 UnalignedSource=0 UnalignedTarget=0 WordCountDiff=0 WordLenDiff=-2.00000 WordLogCR=0 ||| 0-0 ||| Equivalence
[JJ] ||| muslim ||| muslims ||| PPDB2.0Score=4.67498 PPDB1.0Score=3.264960 -logp(LHS|e1)=1.80858 -logp(LHS|e2)=4.41175 -logp(e1|LHS)=10.51479 -logp(e1|e2)=1.39783 -logp(e1|e2,LHS)=0.55435 -logp(e2|LHS)=13.58725 -logp(e2|e1)=1.86713 -logp(e2|e1,LHS)=3.62682 AGigaSim=0.32531 Abstract=0 Adjacent=0 CharCountDiff=1 CharLogCR=0.15415 ContainsX=0 Equivalence=0.423063 Exclusion=0.000001 GlueRule=0 GoogleNgramSim=0 Identity=0 Independent=0.005080 Lex(e1|e2)=60.74197 Lex(e2|e1)=60.74197 Lexical=1 LogCount=3.29584 MVLSASim=NA Monotonic=1 OtherRelated=0.329677 PhrasePenalty=1 RarityPenalty=0 ReverseEntailment=0.242178 SourceTerminalsButNoTarget=0 SourceWords=1 TargetComplexity=0.98923 TargetFormality=1.00000 TargetTerminalsButNoSource=0 TargetWords=1 UnalignedSource=0 UnalignedTarget=0 WordCountDiff=0 WordLenDiff=1.00000 WordLogCR=0 ||| 0-0 ||| Equivalence
[NN] ||| humankind ||| mankind ||| PPDB2.0Score=4.67340 PPDB1.0Score=4.417840 -logp(LHS|e1)=0.13696 -logp(LHS|e2)=0.02906 -logp(e1|LHS)=10.99642 -logp(e1|e2)=2.49211 -logp(e1|e2,LHS)=2.06082 -logp(e2|LHS)=10.32214 -logp(e2|e1)=1.92573 -logp(e2|e1,LHS)=1.38654 AGigaSim=0.75721 Abstract=0 Adjacent=0 CharCountDiff=-2 CharLogCR=-0.25131 ContainsX=0 Equivalence=0.508896 Exclusion=0.000106 GlueRule=0 GoogleNgramSim=0 Identity=0 Independent=0.020228 Lex(e1|e2)=59.43571 Lex(e2|e1)=59.43571 Lexical=1 LogCount=4.65396 MVLSASim=NA Monotonic=1 OtherRelated=0.060745 PhrasePenalty=1 RarityPenalty=0 ForwardEntailment=0.410025 SourceTerminalsButNoTarget=0 SourceWords=1 TargetComplexity=0.99180 TargetFormality=0.98645 TargetTerminalsButNoSource=0 TargetWords=1 UnalignedSource=0 UnalignedTarget=0 WordCountDiff=0 WordLenDiff=-2.00000 WordLogCR=0 ||| 0-0 ||| Equivalence
[NN] ||| self-governance ||| self-government ||| PPDB2.0Score=4.67315 PPDB1.0Score=5.564220 -logp(LHS|e1)=0.35043 -logp(LHS|e2)=0.66028 -logp(e1|LHS)=13.35402 -logp(e1|e2)=4.12681 -logp(e1|e2,LHS)=3.56023 -logp(e2|LHS)=10.97447 -logp(e2|e1)=1.43741 -logp(e2|e1,LHS)=1.18068 AGigaSim=0.77301 Abstract=0 Adjacent=0 CharCountDiff=0 CharLogCR=0 ContainsX=0 Equivalence=0.409880 Exclusion=0.000097 GlueRule=0 GoogleNgramSim=0.10412 Identity=0 Independent=0.148373 Lex(e1|e2)=60.28648 Lex(e2|e1)=60.28648 Lexical=1 LogCount=3.68888 MVLSASim=NA Monotonic=1 OtherRelated=0.359745 PhrasePenalty=1 RarityPenalty=0 ReverseEntailment=0.081906 SourceTerminalsButNoTarget=0 SourceWords=1 TargetComplexity=0.99460 TargetFormality=1.00000 TargetTerminalsButNoSource=0 TargetWords=1 UnalignedSource=0 UnalignedTarget=0 WordCountDiff=0 WordLenDiff=0 WordLogCR=0 ||| 0-0 ||| Equivalence
[NN] ||| liberalisation ||| liberalization ||| PPDB2.0Score=4.67133 PPDB1.0Score=3.570660 -logp(LHS|e1)=0.00688 -logp(LHS|e2)=0.02481 -logp(e1|LHS)=9.32402 -logp(e1|e2)=1.67266 -logp(e1|e2,LHS)=1.35671 -logp(e2|LHS)=9.56730 -logp(e2|e1)=1.89800 -logp(e2|e1,LHS)=1.59999 AGigaSim=0.88764 Abstract=0 Adjacent=0 CharCountDiff=0 CharLogCR=0 ContainsX=0 Equivalence=0.511454 Exclusion=0.000137 GlueRule=0 GoogleNgramSim=0 Identity=0 Independent=0.243278 Lex(e1|e2)=59.15590 Lex(e2|e1)=59.15590 Lexical=1 LogCount=5.12396 MVLSASim=NA Monotonic=1 OtherRelated=0.138021 PhrasePenalty=1 RarityPenalty=0 ReverseEntailment=0.107111 SourceTerminalsButNoTarget=0 SourceWords=1 TargetComplexity=0.99573 TargetFormality=1.00000 TargetTerminalsButNoSource=0 TargetWords=1 UnalignedSource=0 UnalignedTarget=0 WordCountDiff=0 WordLenDiff=0 WordLogCR=0 ||| 0-0 ||| Equivalence
[RB] ||| conflict ||| conflicts ||| PPDB2.0Score=4.66834 PPDB1.0Score=3.466010 -logp(LHS|e1)=8.12990 -logp(LHS|e2)=8.17538 -logp(e1|LHS)=13.52757 -logp(e1|e2)=1.20644 -logp(e1|e2,LHS)=1.08085 -logp(e2|LHS)=14.62618 -logp(e2|e1)=2.25957 -logp(e2|e1,LHS)=2.17946 AGigaSim=0.65317 Abstract=0 Adjacent=0 CharCountDiff=1 CharLogCR=0.11778 ContainsX=0 Equivalence=0.303898 Exclusion=0.000033 GlueRule=0 GoogleNgramSim=0.10412 Identity=0 Independent=0.058764 Lex(e1|e2)=61.80282 Lex(e2|e1)=61.80282 Lexical=1 LogCount=1.79176 MVLSASim=NA Monotonic=1 OtherRelated=0.460372 PhrasePenalty=1 RarityPenalty=0 ForwardEntailment=0.176933 SourceTerminalsButNoTarget=0 SourceWords=1 TargetComplexity=0.99279 TargetFormality=0.99860 TargetTerminalsButNoSource=0 TargetWords=1 UnalignedSource=0 UnalignedTarget=0 WordCountDiff=0 WordLenDiff=1.00000 WordLogCR=0 ||| 0-0 ||| OtherRelated
[RB] ||| conflicts ||| conflict ||| PPDB2.0Score=4.66579 PPDB1.0Score=3.466010 -logp(LHS|e1)=8.17538 -logp(LHS|e2)=8.12990 -logp(e1|LHS)=14.62618 -logp(e1|e2)=2.25957 -logp(e1|e2,LHS)=2.17946 -logp(e2|LHS)=13.52757 -logp(e2|e1)=1.20644 -logp(e2|e1,LHS)=1.08085 AGigaSim=0.65317 Abstract=0 Adjacent=0 CharCountDiff=-1 CharLogCR=-0.11778 ContainsX=0 Equivalence=0.303898 Exclusion=0.000033 GlueRule=0 GoogleNgramSim=0.10412 Identity=0 Independent=0.058764 Lex(e1|e2)=61.80282 Lex(e2|e1)=61.80282 Lexical=1 LogCount=1.79176 MVLSASim=NA Monotonic=1 OtherRelated=0.460372 PhrasePenalty=1 RarityPenalty=0 ReverseEntailment=0.176933 SourceTerminalsButNoTarget=0 SourceWords=1 TargetComplexity=0.99313 TargetFormality=0.99941 TargetTerminalsButNoSource=0 TargetWords=1 UnalignedSource=0 UnalignedTarget=0 WordCountDiff=0 WordLenDiff=-1.00000 WordLogCR=0 ||| 0-0 ||| OtherRelated
[NN] ||| democratisation ||| democratization ||| PPDB2.0Score=4.66400 PPDB1.0Score=3.727860 -logp(LHS|e1)=0.01018 -logp(LHS|e2)=0.01202 -logp(e1|LHS)=10.75425 -logp(e1|e2)=2.03311 -logp(e1|e2,LHS)=1.72380 -logp(e2|LHS)=10.41772 -logp(e2|e1)=1.69475 -logp(e2|e1,LHS)=1.38728 AGigaSim=0.81046 Abstract=0 Adjacent=0 CharCountDiff=0 CharLogCR=0 ContainsX=0 Equivalence=0.481337 Exclusion=0.003117 GlueRule=0 GoogleNgramSim=0 Identity=0 Independent=0.080789 Lex(e1|e2)=59.87293 Lex(e2|e1)=59.87293 Lexical=1 LogCount=4.24850 MVLSASim=NA Monotonic=1 OtherRelated=0.297068 PhrasePenalty=1 RarityPenalty=0 ReverseEntailment=0.137689 SourceTerminalsButNoTarget=0 SourceWords=1 TargetComplexity=1.00000 TargetFormality=1.00000 TargetTerminalsButNoSource=0 TargetWords=1 UnalignedSource=0 UnalignedTarget=0 WordCountDiff=0 WordLenDiff=0 WordLogCR=0 ||| 0-0 ||| Equivalence
[NNS] ||| tests ||| tested ||| PPDB2.0Score=4.66214 PPDB1.0Score=17.199780 -logp(LHS|e1)=0.07964 -logp(LHS|e2)=6.14512 -logp(e1|LHS)=8.00583 -logp(e1|e2)=8.11001 -logp(e1|e2,LHS)=2.27262 -logp(e2|LHS)=15.05106 -logp(e2|e1)=9.08977 -logp(e2|e1,LHS)=9.31785 AGigaSim=0.39399 Abstract=0 Adjacent=0 CharCountDiff=1 CharLogCR=0.18232 ContainsX=0 Equivalence=0.199195 Exclusion=0.000039 GlueRule=0 GoogleNgramSim=0 Identity=0 Independent=0.114694 Lex(e1|e2)=62.05412 Lex(e2|e1)=62.05412 Lexical=1 LogCount=1.38629 MVLSASim=NA Monotonic=1 OtherRelated=0.501970 PhrasePenalty=1 RarityPenalty=0.00034 ForwardEntailment=0.184103 SourceTerminalsButNoTarget=0 SourceWords=1 TargetComplexity=0.98587 TargetFormality=0.98433 TargetTerminalsButNoSource=0 TargetWords=1 UnalignedSource=0 UnalignedTarget=0 WordCountDiff=0 WordLenDiff=1.00000 WordLogCR=0 ||| 0-0 ||| OtherRelated
[VBD] ||| acceptance ||| accepted ||| PPDB2.0Score=4.66039 PPDB1.0Score=9.190510 -logp(LHS|e1)=7.56318 -logp(LHS|e2)=1.68908 -logp(e1|LHS)=14.14069 -logp(e1|e2)=4.99001 -logp(e1|e2,LHS)=9.01411 -logp(e2|LHS)=7.47707 -logp(e2|e1)=4.20050 -logp(e2|e1,LHS)=2.35050 AGigaSim=0.34842 Abstract=0 Adjacent=0 CharCountDiff=-2 CharLogCR=-0.22314 ContainsX=0 Equivalence=0.101169 Exclusion=0.000093 GlueRule=0 GoogleNgramSim=0.00614 Identity=0 Independent=0.356497 Lex(e1|e2)=62.61372 Lex(e2|e1)=62.61372 Lexical=1 LogCount=0.69315 MVLSASim=NA Monotonic=1 OtherRelated=0.089332 PhrasePenalty=1 RarityPenalty=0.04979 ForwardEntailment=0.452910 SourceTerminalsButNoTarget=0 SourceWords=1 TargetComplexity=0.99538 TargetFormality=0.99589 TargetTerminalsButNoSource=0 TargetWords=1 UnalignedSource=0 UnalignedTarget=0 WordCountDiff=0 WordLenDiff=-2.00000 WordLogCR=0 ||| 0-0 ||| ForwardEntailment
[NNS] ||| guarantees ||| guaranteed ||| PPDB2.0Score=4.65899 PPDB1.0Score=18.226370 -logp(LHS|e1)=0.33880 -logp(LHS|e2)=7.31607 -logp(e1|LHS)=8.17351 -logp(e1|e2)=8.91077 -logp(e1|e2,LHS)=3.51453 -logp(e2|LHS)=15.55562 -logp(e2|e1)=9.31560 -logp(e2|e1,LHS)=10.89663 AGigaSim=0.37132 Abstract=0 Adjacent=0 CharCountDiff=0 CharLogCR=0 ContainsX=0 Equivalence=0.448255 Exclusion=0.000031 GlueRule=0 GoogleNgramSim=0.02454 Identity=0 Independent=0.099797 Lex(e1|e2)=62.90141 Lex(e2|e1)=62.90141 Lexical=1 LogCount=0 MVLSASim=NA Monotonic=1 OtherRelated=0.371203 PhrasePenalty=1 RarityPenalty=0.36788 ForwardEntailment=0.080714 SourceTerminalsButNoTarget=0 SourceWords=1 TargetComplexity=0.99140 TargetFormality=0.99929 TargetTerminalsButNoSource=0 TargetWords=1 UnalignedSource=0 UnalignedTarget=0 WordCountDiff=0 WordLenDiff=0 WordLogCR=0 ||| 0-0 ||| Equivalence
[JJ] ||| centralised ||| centralized ||| PPDB2.0Score=4.65765 PPDB1.0Score=3.478620 -logp(LHS|e1)=0.21709 -logp(LHS|e2)=0.08583 -logp(e1|LHS)=10.89307 -logp(e1|e2)=2.04258 -logp(e1|e2,LHS)=1.99311 -logp(e2|LHS)=10.15527 -logp(e2|e1)=1.43604 -logp(e2|e1,LHS)=1.25531 AGigaSim=0.74095 Abstract=0 Adjacent=0 CharCountDiff=0 CharLogCR=0 ContainsX=0 Equivalence=0.454924 Exclusion=0.000515 GlueRule=0 GoogleNgramSim=0 Identity=0 Independent=0.061880 Lex(e1|e2)=60.08802 Lex(e2|e1)=60.08802 Lexical=1 LogCount=4.23411 MVLSASim=NA Monotonic=1 OtherRelated=0.416117 PhrasePenalty=1 RarityPenalty=0 ForwardEntailment=0.066563 SourceTerminalsButNoTarget=0 SourceWords=1 TargetComplexity=0.99554 TargetFormality=1.00000 TargetTerminalsButNoSource=0 TargetWords=1 UnalignedSource=0 UnalignedTarget=0 WordCountDiff=0 WordLenDiff=0 WordLogCR=0 ||| 0-0 ||| Equivalence
[JJ] ||| cross-disciplinary ||| interdisciplinary ||| PPDB2.0Score=4.65723 PPDB1.0Score=5.106900 -logp(LHS|e1)=0.03301 -logp(LHS|e2)=0.43146 -logp(e1|LHS)=14.07224 -logp(e1|e2)=4.28459 -logp(e1|e2,LHS)=3.84618 -logp(e2|LHS)=11.00841 -logp(e2|e1)=0.82231 -logp(e2|e1,LHS)=0.78235 AGigaSim=0.50354 Abstract=0 Adjacent=0 CharCountDiff=-1 CharLogCR=-0.05716 ContainsX=0 Equivalence=0.547374 Exclusion=0.000103 GlueRule=0 GoogleNgramSim=0.02454 Identity=0 Independent=0.093314 Lex(e1|e2)=61.51514 Lex(e2|e1)=61.51514 Lexical=1 LogCount=2.19722 MVLSASim=NA Monotonic=1 OtherRelated=0.061397 PhrasePenalty=1 RarityPenalty=0 ReverseEntailment=0.297813 SourceTerminalsButNoTarget=0 SourceWords=1 TargetComplexity=1.00000 TargetTerminalsButNoSource=0 TargetWords=1 UnalignedSource=0 UnalignedTarget=0 WordCountDiff=0 WordLenDiff=-1.00000 WordLogCR=0 ||| 0-0 ||| Equivalence
[NNS] ||| billions ||| trillions ||| PPDB2.0Score=4.65434 PPDB1.0Score=10.409660 -logp(LHS|e1)=0.02802 -logp(LHS|e2)=0.02696 -logp(e1|LHS)=9.83306 -logp(e1|e2)=3.21489 -logp(e1|e2,LHS)=2.06447 -logp(e2|LHS)=13.81187 -logp(e2|e1)=7.19477 -logp(e2|e1,LHS)=6.04328 AGigaSim=0.92851 Abstract=0 Adjacent=0 CharCountDiff=1 CharLogCR=0.11778 ContainsX=0 Equivalence=0.415352 Exclusion=0.047308 GlueRule=0 GoogleNgramSim=0 Identity=0 Independent=0.102776 Lex(e1|e2)=61.92058 Lex(e2|e1)=61.92058 Lexical=1 LogCount=1.79176 MVLSASim=NA Monotonic=1 OtherRelated=0.116212 PhrasePenalty=1 RarityPenalty=0 ReverseEntailment=0.318353 SourceTerminalsButNoTarget=0 SourceWords=1 TargetComplexity=0.97870 TargetFormality=0.98843 TargetTerminalsButNoSource=0 TargetWords=1 UnalignedSource=0 UnalignedTarget=0 WordCountDiff=0 WordLenDiff=1.00000 WordLogCR=0 ||| 0-0 ||| Equivalence
[NNS] ||| trillions ||| billions ||| PPDB2.0Score=4.65434 PPDB1.0Score=10.409660 -logp(LHS|e1)=0.02696 -logp(LHS|e2)=0.02802 -logp(e1|LHS)=13.81187 -logp(e1|e2)=7.19477 -logp(e1|e2,LHS)=6.04328 -logp(e2|LHS)=9.83306 -logp(e2|e1)=3.21489 -logp(e2|e1,LHS)=2.06447 AGigaSim=0.92851 Abstract=0 Adjacent=0 CharCountDiff=-1 CharLogCR=-0.11778 ContainsX=0 Equivalence=0.415352 Exclusion=0.047308 GlueRule=0 GoogleNgramSim=0 Identity=0 Independent=0.102776 Lex(e1|e2)=61.92061 Lex(e2|e1)=61.92061 Lexical=1 LogCount=1.79176 MVLSASim=NA Monotonic=1 OtherRelated=0.116212 PhrasePenalty=1 RarityPenalty=0 ForwardEntailment=0.318353 SourceTerminalsButNoTarget=0 SourceWords=1 TargetComplexity=0.96915 TargetFormality=0.00000 TargetTerminalsButNoSource=0 TargetWords=1 UnalignedSource=0 UnalignedTarget=0 WordCountDiff=0 WordLenDiff=-1.00000 WordLogCR=0 ||| 0-0 ||| Equivalence
[NN] ||| phosphorous ||| phosphorus ||| PPDB2.0Score=4.65101 PPDB1.0Score=3.359980 -logp(LHS|e1)=0.25980 -logp(LHS|e2)=0.37882 -logp(e1|LHS)=13.79877 -logp(e1|e2)=2.62439 -logp(e1|e2,LHS)=2.26179 -logp(e2|LHS)=12.02899 -logp(e2|e1)=0.73559 -logp(e2|e1,LHS)=0.49201 AGigaSim=0.69838 Abstract=0 Adjacent=0 CharCountDiff=-1 CharLogCR=-0.09531 ContainsX=0 Equivalence=0.480078 Exclusion=0.000077 GlueRule=0 GoogleNgramSim=0.06132 Identity=0 Independent=0.037670 Lex(e1|e2)=61.22745 Lex(e2|e1)=61.22745 Lexical=1 LogCount=2.63906 MVLSASim=NA Monotonic=1 OtherRelated=0.380772 PhrasePenalty=1 RarityPenalty=0 ReverseEntailment=0.101403 SourceTerminalsButNoTarget=0 SourceWords=1 TargetComplexity=0.97250 TargetTerminalsButNoSource=0 TargetWords=1 UnalignedSource=0 UnalignedTarget=0 WordCountDiff=0 WordLenDiff=-1.00000 WordLogCR=0 ||| 0-0 ||| Equivalence
[CD] ||| billion ||| millions ||| PPDB2.0Score=4.65016 PPDB1.0Score=9.110740 -logp(LHS|e1)=0.00926 -logp(LHS|e2)=3.13581 -logp(e1|LHS)=5.80036 -logp(e1|e2)=3.85731 -logp(e1|e2,LHS)=6.10545 -logp(e2|LHS)=10.32302 -logp(e2|e1)=5.25343 -logp(e2|e1,LHS)=10.62812 AGigaSim=0.15886 Abstract=0 Adjacent=0 CharCountDiff=1 CharLogCR=0.13353 ContainsX=0 Equivalence=0.376107 Exclusion=0.023757 GlueRule=0 GoogleNgramSim=0.02454 Identity=0 Independent=0.254992 Lex(e1|e2)=62.05412 Lex(e2|e1)=62.05412 Lexical=1 LogCount=1.38629 MVLSASim=NA Monotonic=1 OtherRelated=0.256110 PhrasePenalty=1 RarityPenalty=0 ReverseEntailment=0.089034 SourceTerminalsButNoTarget=0 SourceWords=1 TargetComplexity=0.98868 TargetFormality=0.99835 TargetTerminalsButNoSource=0 TargetWords=1 UnalignedSource=0 UnalignedTarget=0 WordCountDiff=0 WordLenDiff=1.00000 WordLogCR=0 ||| 0-0 ||| Equivalence
[CD] ||| billions ||| million ||| PPDB2.0Score=4.65016 PPDB1.0Score=18.271790 -logp(LHS|e1)=4.00684 -logp(LHS|e2)=0.00772 -logp(e1|LHS)=12.81790 -logp(e1|e2)=11.13532 -logp(e1|e2,LHS)=13.47899 -logp(e2|LHS)=4.81994 -logp(e2|e1)=7.13647 -logp(e2|e1,LHS)=5.48103 AGigaSim=0.19509 Abstract=0 Adjacent=0 CharCountDiff=-1 CharLogCR=-0.13353 ContainsX=0 Equivalence=0.376107 Exclusion=0.023757 GlueRule=0 GoogleNgramSim=0.06744 Identity=0 Independent=0.254992 Lex(e1|e2)=62.90141 Lex(e2|e1)=62.90141 Lexical=1 LogCount=0 MVLSASim=NA Monotonic=1 OtherRelated=0.256110 PhrasePenalty=1 RarityPenalty=0 ReverseEntailment=0.089034 SourceTerminalsButNoTarget=0 SourceWords=1 TargetComplexity=0.97870 TargetFormality=0.98843 TargetTerminalsButNoSource=0 TargetWords=1 UnalignedSource=0 UnalignedTarget=0 WordCountDiff=0 WordLenDiff=-1.00000 WordLogCR=0 ||| 0-0 ||| Equivalence
[CD] ||| billion ||| million ||| PPDB2.0Score=4.65016 PPDB1.0Score=5.597440 -logp(LHS|e1)=0.00926 -logp(LHS|e2)=0.00772 -logp(e1|LHS)=5.80036 -logp(e1|e2)=3.28816 -logp(e1|e2,LHS)=3.13762 -logp(e2|LHS)=4.81994 -logp(e2|e1)=2.30928 -logp(e2|e1,LHS)=2.15724 AGigaSim=0.91421 Abstract=0 Adjacent=0 CharCountDiff=0 CharLogCR=0 ContainsX=0 Equivalence=0.376107 Exclusion=0.023757 GlueRule=0 GoogleNgramSim=0 Identity=0 Independent=0.254992 Lex(e1|e2)=59.68257 Lex(e2|e1)=59.68257 Lexical=1 LogCount=4.85981 MVLSASim=NA Monotonic=1 OtherRelated=0.256110 PhrasePenalty=1 RarityPenalty=0 ReverseEntailment=0.089034 SourceTerminalsButNoTarget=0 SourceWords=1 TargetComplexity=0.98868 TargetFormality=0.99835 TargetTerminalsButNoSource=0 TargetWords=1 UnalignedSource=0 UnalignedTarget=0 WordCountDiff=0 WordLenDiff=0 WordLogCR=0 ||| 0-0 ||| Equivalence
[JJ] ||| austro-hungarian ||| austrian-hungarian ||| PPDB2.0Score=4.64849 PPDB1.0Score=4.835140 -logp(LHS|e1)=0.75595 -logp(LHS|e2)=0.13976 -logp(e1|LHS)=15.08720 -logp(e1|e2)=1.61285 -logp(e1|e2,LHS)=1.44514 -logp(e2|LHS)=16.08046 -logp(e2|e1)=3.22229 -logp(e2|e1,LHS)=2.43840 AGigaSim=0.69838 Abstract=0 Adjacent=0 CharCountDiff=2 CharLogCR=0.11778 ContainsX=0 Equivalence=0.522554 Exclusion=0.001372 GlueRule=0 GoogleNgramSim=0 Identity=0 Independent=0.021220 Lex(e1|e2)=62.05412 Lex(e2|e1)=62.05412 Lexical=1 LogCount=1.38629 MVLSASim=NA Monotonic=1 OtherRelated=0.324808 PhrasePenalty=1 RarityPenalty=0.00034 ForwardEntailment=0.130046 SourceTerminalsButNoTarget=0 SourceWords=1 TargetComplexity=0.99123 TargetTerminalsButNoSource=0 TargetWords=1 UnalignedSource=0 UnalignedTarget=0 WordCountDiff=0 WordLenDiff=2.00000 WordLogCR=0 ||| 0-0 ||| Equivalence
[NNS] ||| millions ||| thousands ||| PPDB2.0Score=4.64269 PPDB1.0Score=12.023290 -logp(LHS|e1)=0.05770 -logp(LHS|e2)=0.01482 -logp(e1|LHS)=8.23888 -logp(e1|e2)=6.19567 -logp(e1|e2,LHS)=5.66777 -logp(e2|LHS)=7.82796 -logp(e2|e1)=5.82762 -logp(e2|e1,LHS)=5.25685 AGigaSim=0.96043 Abstract=0 Adjacent=0 CharCountDiff=1 CharLogCR=0.11778 ContainsX=0 Equivalence=0.013922 Exclusion=0.015910 GlueRule=0 GoogleNgramSim=0.01227 Identity=0 Independent=0.430066 Lex(e1|e2)=60.66786 Lex(e2|e1)=60.66786 Lexical=1 LogCount=3.33220 MVLSASim=NA Monotonic=1 OtherRelated=0.362317 PhrasePenalty=1 RarityPenalty=0 ReverseEntailment=0.177785 SourceTerminalsButNoTarget=0 SourceWords=1 TargetComplexity=0.97733 TargetFormality=0.99349 TargetTerminalsButNoSource=0 TargetWords=1 UnalignedSource=0 UnalignedTarget=0 WordCountDiff=0 WordLenDiff=1.00000 WordLogCR=0 ||| 0-0 ||| Independent
[NNS] ||| thousands ||| millions ||| PPDB2.0Score=4.64269 PPDB1.0Score=12.023250 -logp(LHS|e1)=0.01482 -logp(LHS|e2)=0.05770 -logp(e1|LHS)=7.82796 -logp(e1|e2)=5.82760 -logp(e1|e2,LHS)=5.25684 -logp(e2|LHS)=8.23888 -logp(e2|e1)=6.19565 -logp(e2|e1,LHS)=5.66777 AGigaSim=0.96043 Abstract=0 Adjacent=0 CharCountDiff=-1 CharLogCR=-0.11778 ContainsX=0 Equivalence=0.013922 Exclusion=0.015910 GlueRule=0 GoogleNgramSim=0.01227 Identity=0 Independent=0.430066 Lex(e1|e2)=60.66787 Lex(e2|e1)=60.66787 Lexical=1 LogCount=3.33220 MVLSASim=NA Monotonic=1 OtherRelated=0.362317 PhrasePenalty=1 RarityPenalty=0 ForwardEntailment=0.177785 SourceTerminalsButNoTarget=0 SourceWords=1 TargetComplexity=0.98298 TargetFormality=0.99156 TargetTerminalsButNoSource=0 TargetWords=1 UnalignedSource=0 UnalignedTarget=0 WordCountDiff=0 WordLenDiff=-1.00000 WordLogCR=0 ||| 0-0 ||| Independent
[NNS] ||| millions ||| thousand ||| PPDB2.0Score=4.64269 PPDB1.0Score=18.432750 -logp(LHS|e1)=0.05770 -logp(LHS|e2)=4.57478 -logp(e1|LHS)=8.23888 -logp(e1|e2)=8.92717 -logp(e1|e2,LHS)=6.22711 -logp(e2|LHS)=13.33438 -logp(e2|e1)=9.50558 -logp(e2|e1,LHS)=11.32261 AGigaSim=0.17096 Abstract=0 Adjacent=0 CharCountDiff=0 CharLogCR=0 ContainsX=0 Equivalence=0.013940 Exclusion=0.016008 GlueRule=0 GoogleNgramSim=0.04907 Identity=0 Independent=0.430239 Lex(e1|e2)=62.20827 Lex(e2|e1)=62.20827 Lexical=1 LogCount=1.38629 MVLSASim=NA Monotonic=1 OtherRelated=0.363677 PhrasePenalty=1 RarityPenalty=0 ReverseEntailment=0.176136 SourceTerminalsButNoTarget=0 SourceWords=1 TargetComplexity=0.97733 TargetFormality=0.99349 TargetTerminalsButNoSource=0 TargetWords=1 UnalignedSource=0 UnalignedTarget=0 WordCountDiff=0 WordLenDiff=0 WordLogCR=0 ||| 0-0 ||| Independent
[NNS] ||| thousand ||| millions ||| PPDB2.0Score=4.64269 PPDB1.0Score=18.432750 -logp(LHS|e1)=4.57478 -logp(LHS|e2)=0.05770 -logp(e1|LHS)=13.33438 -logp(e1|e2)=9.50558 -logp(e1|e2,LHS)=11.32258 -logp(e2|LHS)=8.23888 -logp(e2|e1)=8.92717 -logp(e2|e1,LHS)=6.22709 AGigaSim=0.17096 Abstract=0 Adjacent=0 CharCountDiff=0 CharLogCR=0 ContainsX=0 Equivalence=0.013940 Exclusion=0.016008 GlueRule=0 GoogleNgramSim=0.04907 Identity=0 Independent=0.430239 Lex(e1|e2)=62.20826 Lex(e2|e1)=62.20826 Lexical=1 LogCount=1.38629 MVLSASim=NA Monotonic=1 OtherRelated=0.363677 PhrasePenalty=1 RarityPenalty=0 ForwardEntailment=0.176136 SourceTerminalsButNoTarget=0 SourceWords=1 TargetComplexity=0.98752 TargetFormality=0.87185 TargetTerminalsButNoSource=0 TargetWords=1 UnalignedSource=0 UnalignedTarget=0 WordCountDiff=0 WordLenDiff=0 WordLogCR=0 ||| 0-0 ||| Independent
[VBD] ||| retirement ||| retired ||| PPDB2.0Score=4.64260 PPDB1.0Score=10.478510 -logp(LHS|e1)=8.82838 -logp(LHS|e2)=1.67324 -logp(e1|LHS)=15.93244 -logp(e1|e2)=4.66208 -logp(e1|e2,LHS)=6.82747 -logp(e2|LHS)=9.93165 -logp(e2|e1)=5.81643 -logp(e2|e1,LHS)=0.82668 AGigaSim=0.38268 Abstract=0 Adjacent=0 CharCountDiff=-3 CharLogCR=-0.35667 ContainsX=0 Equivalence=0.040618 Exclusion=0.000193 GlueRule=0 GoogleNgramSim=0 Identity=0 Independent=0.281287 Lex(e1|e2)=63.30685 Lex(e2|e1)=63.30685 Lexical=1 LogCount=0 MVLSASim=NA Monotonic=1 OtherRelated=0.385498 PhrasePenalty=1 RarityPenalty=0.36788 ForwardEntailment=0.292405 SourceTerminalsButNoTarget=0 SourceWords=1 TargetComplexity=0.99471 TargetFormality=0.93968 TargetTerminalsButNoSource=0 TargetWords=1 UnalignedSource=0 UnalignedTarget=0 WordCountDiff=0 WordLenDiff=-3.00000 WordLogCR=0 ||| 0-0 ||| OtherRelated
[NNS] ||| handles ||| handled ||| PPDB2.0Score=4.64058 PPDB1.0Score=11.399220 -logp(LHS|e1)=3.08386 -logp(LHS|e2)=7.33592 -logp(e1|LHS)=14.03775 -logp(e1|e2)=6.43245 -logp(e1|e2,LHS)=1.82253 -logp(e2|LHS)=16.82413 -logp(e2|e1)=4.96677 -logp(e2|e1,LHS)=4.60891 AGigaSim=0.62486 Abstract=0 Adjacent=0 CharCountDiff=0 CharLogCR=0 ContainsX=0 Equivalence=0.493168 Exclusion=0.000002 GlueRule=0 GoogleNgramSim=0.05520 Identity=0 Independent=0.036116 Lex(e1|e2)=63.30685 Lex(e2|e1)=63.30685 Lexical=1 LogCount=0 MVLSASim=NA Monotonic=1 OtherRelated=0.192772 PhrasePenalty=1 RarityPenalty=0.36788 ReverseEntailment=0.277942 SourceTerminalsButNoTarget=0 SourceWords=1 TargetComplexity=0.99012 TargetFormality=0.85592 TargetTerminalsButNoSource=0 TargetWords=1 UnalignedSource=0 UnalignedTarget=0 WordCountDiff=0 WordLenDiff=0 WordLogCR=0 ||| 0-0 ||| Equivalence
[NNS] ||| suspects ||| suspected ||| PPDB2.0Score=4.63879 PPDB1.0Score=7.134390 -logp(LHS|e1)=0.11020 -logp(LHS|e2)=5.72742 -logp(e1|LHS)=9.37038 -logp(e1|e2)=3.77749 -logp(e1|e2,LHS)=0.99457 -logp(e2|LHS)=14.56701 -logp(e2|e1)=3.35690 -logp(e2|e1,LHS)=6.19120 AGigaSim=0.44961 Abstract=0 Adjacent=0 CharCountDiff=1 CharLogCR=0.11778 ContainsX=0 Equivalence=0.372584 Exclusion=0.000017 GlueRule=0 GoogleNgramSim=0 Identity=0 Independent=0.023121 Lex(e1|e2)=61.16684 Lex(e2|e1)=61.16684 Lexical=1 LogCount=2.63906 MVLSASim=NA Monotonic=1 OtherRelated=0.431452 PhrasePenalty=1 RarityPenalty=0 ForwardEntailment=0.172826 SourceTerminalsButNoTarget=0 SourceWords=1 TargetComplexity=0.99124 TargetFormality=1.00000 TargetTerminalsButNoSource=0 TargetWords=1 UnalignedSource=0 UnalignedTarget=0 WordCountDiff=0 WordLenDiff=1.00000 WordLogCR=0 ||| 0-0 ||| OtherRelated
[JJ] ||| inapplicable ||| unenforceable ||| PPDB2.0Score=4.63849 PPDB1.0Score=6.174850 -logp(LHS|e1)=0.25899 -logp(LHS|e2)=0.18462 -logp(e1|LHS)=13.46306 -logp(e1|e2)=2.93362 -logp(e1|e2,LHS)=2.66632 -logp(e2|LHS)=13.69629 -logp(e2|e1)=3.24123 -logp(e2|e1,LHS)=2.89955 AGigaSim=0.76517 Abstract=0 Adjacent=0 CharCountDiff=1 CharLogCR=0.08004 ContainsX=0 Equivalence=0.282230 Exclusion=0.004922 GlueRule=0 GoogleNgramSim=0 Identity=0 Independent=0.226975 Lex(e1|e2)=8.14927 Lex(e2|e1)=61.92061 Lexical=1 LogCount=1.60944 MVLSASim=NA Monotonic=1 OtherRelated=0.364634 PhrasePenalty=1 RarityPenalty=0 ForwardEntailment=0.121239 SourceTerminalsButNoTarget=0 SourceWords=1 TargetComplexity=1.00000 TargetTerminalsButNoSource=0 TargetWords=1 UnalignedSource=0 UnalignedTarget=0 WordCountDiff=0 WordLenDiff=1.00000 WordLogCR=0 ||| 0-0 ||| OtherRelated
[JJ] ||| north-west ||| north-western ||| PPDB2.0Score=4.63788 PPDB1.0Score=5.133220 -logp(LHS|e1)=0.78111 -logp(LHS|e2)=0.20029 -logp(e1|LHS)=11.53929 -logp(e1|e2)=1.79529 -logp(e1|e2,LHS)=1.21965 -logp(e2|LHS)=12.50111 -logp(e2|e1)=3.33793 -logp(e2|e1,LHS)=2.18147 AGigaSim=0.61523 Abstract=0 Adjacent=0 CharCountDiff=3 CharLogCR=0.26236 ContainsX=0 Equivalence=0.423535 Exclusion=0.000958 GlueRule=0 GoogleNgramSim=0 Identity=0 Independent=0.114495 Lex(e1|e2)=60.31118 Lex(e2|e1)=60.31118 Lexical=1 LogCount=3.63759 MVLSASim=NA Monotonic=1 OtherRelated=0.358220 PhrasePenalty=1 RarityPenalty=0 ForwardEntailment=0.102791 SourceTerminalsButNoTarget=0 SourceWords=1 TargetComplexity=0.96913 TargetFormality=1.00000 TargetTerminalsButNoSource=0 TargetWords=1 UnalignedSource=0 UnalignedTarget=0 WordCountDiff=0 WordLenDiff=3.00000 WordLogCR=0 ||| 0-0 ||| Equivalence
[JJ] ||| full-size ||| full-sized ||| PPDB2.0Score=4.63705 PPDB1.0Score=3.589490 -logp(LHS|e1)=0.07889 -logp(LHS|e2)=0.09531 -logp(e1|LHS)=14.17835 -logp(e1|e2)=1.74778 -logp(e1|e2,LHS)=1.40767 -logp(e2|LHS)=14.28870 -logp(e2|e1)=1.84171 -logp(e2|e1,LHS)=1.51801 AGigaSim=0.85136 Abstract=0 Adjacent=0 CharCountDiff=1 CharLogCR=0.10536 ContainsX=0 Equivalence=0.343485 Exclusion=0.008736 GlueRule=0 GoogleNgramSim=0 Identity=0 Independent=0.117662 Lex(e1|e2)=62.20827 Lex(e2|e1)=62.20827 Lexical=1 LogCount=1.38629 MVLSASim=NA Monotonic=1 OtherRelated=0.348520 PhrasePenalty=1 RarityPenalty=0 ForwardEntailment=0.181598 SourceTerminalsButNoTarget=0 SourceWords=1 TargetComplexity=0.99713 TargetTerminalsButNoSource=0 TargetWords=1 UnalignedSource=0 UnalignedTarget=0 WordCountDiff=0 WordLenDiff=1.00000 WordLogCR=0 ||| 0-0 ||| OtherRelated
[NN] ||| launching ||| launch ||| PPDB2.0Score=4.63638 PPDB1.0Score=4.709440 -logp(LHS|e1)=1.17091 -logp(LHS|e2)=0.80066 -logp(e1|LHS)=10.95568 -logp(e1|e2)=2.77522 -logp(e1|e2,LHS)=2.42853 -logp(e2|LHS)=9.74443 -logp(e2|e1)=1.93422 -logp(e2|e1,LHS)=1.21728 AGigaSim=0.64383 Abstract=0 Adjacent=0 CharCountDiff=-3 CharLogCR=-0.40547 ContainsX=0 Equivalence=0.517789 Exclusion=0.000002 GlueRule=0 GoogleNgramSim=0.11022 Identity=0 Independent=0.033282 Lex(e1|e2)=59.22937 Lex(e2|e1)=59.22937 Lexical=1 LogCount=4.91265 MVLSASim=NA Monotonic=1 OtherRelated=0.072690 PhrasePenalty=1 RarityPenalty=0 ForwardEntailment=0.376237 SourceTerminalsButNoTarget=0 SourceWords=1 TargetComplexity=0.99476 TargetFormality=0.99865 TargetTerminalsButNoSource=0 TargetWords=1 UnalignedSource=0 UnalignedTarget=0 WordCountDiff=0 WordLenDiff=-3.00000 WordLogCR=0 ||| 0-0 ||| Equivalence
[JJ] ||| pluralist ||| pluralistic ||| PPDB2.0Score=4.63597 PPDB1.0Score=2.642450 -logp(LHS|e1)=0.17625 -logp(LHS|e2)=0.17068 -logp(e1|LHS)=11.80936 -logp(e1|e2)=1.59243 -logp(e1|e2,LHS)=1.43915 -logp(e2|LHS)=11.26139 -logp(e2|e1)=1.05002 -logp(e2|e1,LHS)=0.89117 AGigaSim=0.54532 Abstract=0 Adjacent=0 CharCountDiff=2 CharLogCR=0.20067 ContainsX=0 Equivalence=0.428517 Exclusion=0.000266 GlueRule=0 GoogleNgramSim=0.12241 Identity=0 Independent=0.038666 Lex(e1|e2)=60.04881 Lex(e2|e1)=60.04881 Lexical=1 LogCount=4.17439 MVLSASim=NA Monotonic=1 OtherRelated=0.407571 PhrasePenalty=1 RarityPenalty=0 ForwardEntailment=0.124980 SourceTerminalsButNoTarget=0 SourceWords=1 TargetComplexity=0.98600 TargetFormality=1.00000 TargetTerminalsButNoSource=0 TargetWords=1 UnalignedSource=0 UnalignedTarget=0 WordCountDiff=0 WordLenDiff=2.00000 WordLogCR=0 ||| 0-0 ||| Equivalence
[NN] ||| mistreatment ||| ill-treatment ||| PPDB2.0Score=4.63468 PPDB1.0Score=4.585920 -logp(LHS|e1)=0.10999 -logp(LHS|e2)=0.23402 -logp(e1|LHS)=12.35290 -logp(e1|e2)=3.37406 -logp(e1|e2,LHS)=3.10045 -logp(e2|LHS)=10.31474 -logp(e2|e1)=1.21186 -logp(e2|e1,LHS)=1.06229 AGigaSim=0.76517 Abstract=0 Adjacent=0 CharCountDiff=1 CharLogCR=0.08004 ContainsX=0 Equivalence=0.468441 Exclusion=0.003180 GlueRule=0 GoogleNgramSim=0.01841 Identity=0 Independent=0.118572 Lex(e1|e2)=59.64338 Lex(e2|e1)=59.64338 Lexical=1 LogCount=4.35671 MVLSASim=NA Monotonic=1 OtherRelated=0.156345 PhrasePenalty=1 RarityPenalty=0 ForwardEntailment=0.253462 SourceTerminalsButNoTarget=0 SourceWords=1 TargetComplexity=0.99048 TargetFormality=1.00000 TargetTerminalsButNoSource=0 TargetWords=1 UnalignedSource=0 UnalignedTarget=0 WordCountDiff=0 WordLenDiff=1.00000 WordLogCR=0 ||| 0-0 ||| Equivalence
[NNS] ||| banning ||| bans ||| PPDB2.0Score=4.63390 PPDB1.0Score=13.751940 -logp(LHS|e1)=6.04076 -logp(LHS|e2)=0.39655 -logp(e1|LHS)=15.68915 -logp(e1|e2)=6.53253 -logp(e1|e2,LHS)=6.83475 -logp(e2|LHS)=10.73182 -logp(e2|e1)=7.21941 -logp(e2|e1,LHS)=1.87742 AGigaSim=0.54532 Abstract=0 Adjacent=0 CharCountDiff=-3 CharLogCR=-0.55962 ContainsX=0 Equivalence=0.493086 Exclusion=0.000001 GlueRule=0 GoogleNgramSim=0.17096 Identity=0 Independent=0.082816 Lex(e1|e2)=62.20827 Lex(e2|e1)=62.20827 Lexical=1 LogCount=1.38629 MVLSASim=NA Monotonic=1 OtherRelated=0.052493 PhrasePenalty=1 RarityPenalty=0.00005 ForwardEntailment=0.371604 SourceTerminalsButNoTarget=0 SourceWords=1 TargetComplexity=0.99212 TargetFormality=0.99586 TargetTerminalsButNoSource=0 TargetWords=1 UnalignedSource=0 UnalignedTarget=0 WordCountDiff=0 WordLenDiff=-3.00000 WordLogCR=0 ||| 0-0 ||| Equivalence
[JJ] ||| organized ||| organised ||| PPDB2.0Score=4.63243 PPDB1.0Score=3.928420 -logp(LHS|e1)=2.02911 -logp(LHS|e2)=0.88842 -logp(e1|LHS)=9.42091 -logp(e1|e2)=1.45768 -logp(e1|e2,LHS)=1.60821 -logp(e2|LHS)=9.29329 -logp(e2|e1)=2.47074 -logp(e2|e1,LHS)=1.48059 AGigaSim=0.91421 Abstract=0 Adjacent=0 CharCountDiff=0 CharLogCR=0 ContainsX=0 Equivalence=0.429400 Exclusion=0.000173 GlueRule=0 GoogleNgramSim=0.02454 Identity=0 Independent=0.211044 Lex(e1|e2)=59.82569 Lex(e2|e1)=59.82569 Lexical=1 LogCount=4.45435 MVLSASim=NA Monotonic=1 OtherRelated=0.283546 PhrasePenalty=1 RarityPenalty=0 ForwardEntailment=0.075838 SourceTerminalsButNoTarget=0 SourceWords=1 TargetComplexity=0.99086 TargetFormality=0.97501 TargetTerminalsButNoSource=0 TargetWords=1 UnalignedSource=0 UnalignedTarget=0 WordCountDiff=0 WordLenDiff=0 WordLogCR=0 ||| 0-0 ||| Equivalence
[NNS] ||| cropping ||| crops ||| PPDB2.0Score=4.63239 PPDB1.0Score=10.149630 -logp(LHS|e1)=1.90424 -logp(LHS|e2)=0.05286 -logp(e1|LHS)=14.51050 -logp(e1|e2)=6.93166 -logp(e1|e2,LHS)=7.26187 -logp(e2|LHS)=8.94543 -logp(e2|e1)=3.21797 -logp(e2|e1,LHS)=1.69680 AGigaSim=0.03681 Abstract=0 Adjacent=0 CharCountDiff=-3 CharLogCR=-0.47000 ContainsX=0 Equivalence=0.237768 Exclusion=0.000167 GlueRule=0 GoogleNgramSim=0.07356 Identity=0 Independent=0.205918 Lex(e1|e2)=62.05413 Lex(e2|e1)=62.05413 Lexical=1 LogCount=1.60944 MVLSASim=NA Monotonic=1 OtherRelated=0.115577 PhrasePenalty=1 RarityPenalty=0 ForwardEntailment=0.440569 SourceTerminalsButNoTarget=0 SourceWords=1 TargetComplexity=0.99630 TargetFormality=0.96691 TargetTerminalsButNoSource=0 TargetWords=1 UnalignedSource=0 UnalignedTarget=0 WordCountDiff=0 WordLenDiff=-3.00000 WordLogCR=0 ||| 0-0 ||| ForwardEntailment
[JJ] ||| three-wheel ||| three-wheeled ||| PPDB2.0Score=4.63188 PPDB1.0Score=3.422650 -logp(LHS|e1)=0.39148 -logp(LHS|e2)=0.17556 -logp(e1|LHS)=13.81869 -logp(e1|e2)=1.27218 -logp(e1|e2,LHS)=1.06448 -logp(e2|LHS)=14.48107 -logp(e2|e1)=2.15047 -logp(e2|e1,LHS)=1.72685 AGigaSim=0.66242 Abstract=0 Adjacent=0 CharCountDiff=2 CharLogCR=0.16705 ContainsX=0 Equivalence=0.455778 Exclusion=0.010071 GlueRule=0 GoogleNgramSim=0 Identity=0 Independent=0.058873 Lex(e1|e2)=61.69745 Lex(e2|e1)=61.69745 Lexical=1 LogCount=2.07944 MVLSASim=NA Monotonic=1 OtherRelated=0.394075 PhrasePenalty=1 RarityPenalty=0 ForwardEntailment=0.081203 SourceTerminalsButNoTarget=0 SourceWords=1 TargetComplexity=1.00000 TargetFormality=1.00000 TargetTerminalsButNoSource=0 TargetWords=1 UnalignedSource=0 UnalignedTarget=0 WordCountDiff=0 WordLenDiff=2.00000 WordLogCR=0 ||| 0-0 ||| Equivalence
[JJ] ||| increasing ||| increased ||| PPDB2.0Score=4.63168 PPDB1.0Score=6.373590 -logp(LHS|e1)=3.21573 -logp(LHS|e2)=2.18043 -logp(e1|LHS)=10.16574 -logp(e1|e2)=3.40674 -logp(e1|e2,LHS)=3.10089 -logp(e2|LHS)=8.69055 -logp(e2|e1)=2.96685 -logp(e2|e1,LHS)=1.62570 AGigaSim=0.54532 Abstract=0 Adjacent=0 CharCountDiff=-1 CharLogCR=-0.10536 ContainsX=0 Equivalence=0.311936 Exclusion=0.000302 GlueRule=0 GoogleNgramSim=0 Identity=0 Independent=0.242261 Lex(e1|e2)=58.40533 Lex(e2|e1)=58.40533 Lexical=1 LogCount=5.79909 MVLSASim=NA Monotonic=1 OtherRelated=0.383891 PhrasePenalty=1 RarityPenalty=0 ReverseEntailment=0.061611 SourceTerminalsButNoTarget=0 SourceWords=1 TargetComplexity=0.99583 TargetFormality=0.99868 TargetTerminalsButNoSource=0 TargetWords=1 UnalignedSource=0 UnalignedTarget=0 WordCountDiff=0 WordLenDiff=-1.00000 WordLogCR=0 ||| 0-0 ||| OtherRelated
[RB] ||| closely ||| close ||| PPDB2.0Score=4.63016 PPDB1.0Score=5.100660 -logp(LHS|e1)=0.00123 -logp(LHS|e2)=1.67810 -logp(e1|LHS)=6.55179 -logp(e1|e2)=2.78064 -logp(e1|e2,LHS)=2.12674 -logp(e2|LHS)=7.76803 -logp(e2|e1)=2.32002 -logp(e2|e1,LHS)=3.34298 AGigaSim=0.41643 Abstract=0 Adjacent=0 CharCountDiff=-2 CharLogCR=-0.33647 ContainsX=0 Equivalence=0.125063 Exclusion=0.000322 GlueRule=0 GoogleNgramSim=0.02454 Identity=0 Independent=0.323343 Lex(e1|e2)=10.33523 Lex(e2|e1)=58.83528 Lexical=1 LogCount=5.21494 MVLSASim=NA Monotonic=1 OtherRelated=0.248158 PhrasePenalty=1 RarityPenalty=0 ForwardEntailment=0.303114 SourceTerminalsButNoTarget=0 SourceWords=1 TargetComplexity=0.99035 TargetFormality=0.99762 TargetTerminalsButNoSource=0 TargetWords=1 UnalignedSource=0 UnalignedTarget=0 WordCountDiff=0 WordLenDiff=-2.00000 WordLogCR=0 ||| 0-0 ||| Independent
[UH] ||| t-shirts ||| shirts ||| PPDB2.0Score=4.62875 PPDB1.0Score=6.403260 -logp(LHS|e1)=5.45532 -logp(LHS|e2)=5.50804 -logp(e1|LHS)=14.00513 -logp(e1|e2)=3.22799 -logp(e1|e2,LHS)=1.09861 -logp(e2|LHS)=14.00513 -logp(e2|e1)=3.17527 -logp(e2|e1,LHS)=1.09861 AGigaSim=0.89322 Abstract=0 Adjacent=0 CharCountDiff=-2 CharLogCR=-0.28768 ContainsX=0 Equivalence=0.089205 Exclusion=0.002742 GlueRule=0 GoogleNgramSim=0 Identity=0 Independent=0.041583 Lex(e1|e2)=62.90141 Lex(e2|e1)=62.90141 Lexical=1 LogCount=0 MVLSASim=NA Monotonic=1 OtherRelated=0.399673 PhrasePenalty=1 RarityPenalty=0.36788 ForwardEntailment=0.466797 SourceTerminalsButNoTarget=0 SourceWords=1 TargetComplexity=0.98485 TargetFormality=0.93240 TargetTerminalsButNoSource=0 TargetWords=1 UnalignedSource=0 UnalignedTarget=0 WordCountDiff=0 WordLenDiff=-2.00000 WordLogCR=0 ||| 0-0 ||| ForwardEntailment
[NNS] ||| begins ||| beginnings ||| PPDB2.0Score=4.62788 PPDB1.0Score=21.267710 -logp(LHS|e1)=5.46216 -logp(LHS|e2)=0.09585 -logp(e1|LHS)=14.83170 -logp(e1|e2)=9.45683 -logp(e1|e2,LHS)=7.01960 -logp(e2|LHS)=11.81944 -logp(e2|e1)=11.81088 -logp(e2|e1,LHS)=4.00733 AGigaSim=0.17096 Abstract=0 Adjacent=0 CharCountDiff=4 CharLogCR=0.51083 ContainsX=0 Equivalence=0.353356 Exclusion=0.000003 GlueRule=0 GoogleNgramSim=0 Identity=0 Independent=0.094401 Lex(e1|e2)=62.90141 Lex(e2|e1)=62.90141 Lexical=1 LogCount=0 MVLSASim=NA Monotonic=1 OtherRelated=0.082714 PhrasePenalty=1 RarityPenalty=0.36788 ReverseEntailment=0.469526 SourceTerminalsButNoTarget=0 SourceWords=1 TargetComplexity=0.98721 TargetFormality=0.98788 TargetTerminalsButNoSource=0 TargetWords=1 UnalignedSource=0 UnalignedTarget=0 WordCountDiff=0 WordLenDiff=4.00000 WordLogCR=0 ||| 0-0 ||| ReverseEntailment
[JJ] ||| judaeo-christian ||| judeo-christian ||| PPDB2.0Score=4.62531 PPDB1.0Score=2.869680 -logp(LHS|e1)=0.03572 -logp(LHS|e2)=0 -logp(e1|LHS)=13.68256 -logp(e1|e2)=0.90489 -logp(e1|e2,LHS)=0.83783 -logp(e2|LHS)=14.70674 -logp(e2|e1)=1.96479 -logp(e2|e1,LHS)=1.86201 AGigaSim=0.64383 Abstract=0 Adjacent=0 CharCountDiff=-1 CharLogCR=-0.06454 ContainsX=0 Equivalence=0.510768 Exclusion=0.000438 GlueRule=0 GoogleNgramSim=0 Identity=0 Independent=0.025429 Lex(e1|e2)=61.29201 Lex(e2|e1)=61.29201 Lexical=1 LogCount=2.56495 MVLSASim=NA Monotonic=1 OtherRelated=0.314513 PhrasePenalty=1 RarityPenalty=0 ForwardEntailment=0.148852 SourceTerminalsButNoTarget=0 SourceWords=1 TargetComplexity=1.00000 TargetFormality=1.00000 TargetTerminalsButNoSource=0 TargetWords=1 UnalignedSource=0 UnalignedTarget=0 WordCountDiff=0 WordLenDiff=-1.00000 WordLogCR=0 ||| 0-0 ||| Equivalence
[JJ] ||| geographical ||| geographic ||| PPDB2.0Score=4.62466 PPDB1.0Score=2.157030 -logp(LHS|e1)=0.08451 -logp(LHS|e2)=0.20865 -logp(e1|LHS)=8.19893 -logp(e1|e2)=0.62128 -logp(e1|e2,LHS)=0.45136 -logp(e2|LHS)=9.23751 -logp(e2|e1)=1.53575 -logp(e2|e1,LHS)=1.48993 AGigaSim=0.58580 Abstract=0 Adjacent=0 CharCountDiff=-2 CharLogCR=-0.18232 ContainsX=0 Equivalence=0.413354 Exclusion=0.000177 GlueRule=0 GoogleNgramSim=0.14066 Identity=0 Independent=0.046316 Lex(e1|e2)=59.08010 Lex(e2|e1)=59.08010 Lexical=1 LogCount=5.40268 MVLSASim=NA Monotonic=1 OtherRelated=0.377414 PhrasePenalty=1 RarityPenalty=0 ReverseEntailment=0.162739 SourceTerminalsButNoTarget=0 SourceWords=1 TargetComplexity=0.98941 TargetFormality=1.00000 TargetTerminalsButNoSource=0 TargetWords=1 UnalignedSource=0 UnalignedTarget=0 WordCountDiff=0 WordLenDiff=-2.00000 WordLogCR=0 ||| 0-0 ||| Equivalence
[JJ] ||| vice-chair ||| vice-chairman ||| PPDB2.0Score=4.62458 PPDB1.0Score=5.208320 -logp(LHS|e1)=2.41948 -logp(LHS|e2)=2.59963 -logp(e1|LHS)=13.37241 -logp(e1|e2)=3.29321 -logp(e1|e2,LHS)=2.70395 -logp(e2|LHS)=12.17445 -logp(e2|e1)=1.91511 -logp(e2|e1,LHS)=1.50600 AGigaSim=0.88764 Abstract=0 Adjacent=0 CharCountDiff=3 CharLogCR=0.26236 ContainsX=0 Equivalence=0.358121 Exclusion=0.006540 GlueRule=0 GoogleNgramSim=0.00614 Identity=0 Independent=0.047048 Lex(e1|e2)=61.29201 Lex(e2|e1)=61.29201 Lexical=1 LogCount=2.56495 MVLSASim=NA Monotonic=1 OtherRelated=0.379680 PhrasePenalty=1 RarityPenalty=0 ForwardEntailment=0.208611 SourceTerminalsButNoTarget=0 SourceWords=1 TargetComplexity=0.99494 TargetFormality=1.00000 TargetTerminalsButNoSource=0 TargetWords=1 UnalignedSource=0 UnalignedTarget=0 WordCountDiff=0 WordLenDiff=3.00000 WordLogCR=0 ||| 0-0 ||| OtherRelated
[NN] ||| jewellery ||| jewelry ||| PPDB2.0Score=4.62352 PPDB1.0Score=3.216710 -logp(LHS|e1)=0.27955 -logp(LHS|e2)=0.04074 -logp(e1|LHS)=12.22739 -logp(e1|e2)=1.17776 -logp(e1|e2,LHS)=0.86529 -logp(e2|LHS)=12.84977 -logp(e2|e1)=2.03895 -logp(e2|e1,LHS)=1.48768 AGigaSim=0.74914 Abstract=0 Adjacent=0 CharCountDiff=-2 CharLogCR=-0.25131 ContainsX=0 Equivalence=0.446322 Exclusion=0.000577 GlueRule=0 GoogleNgramSim=0 Identity=0 Independent=0.098221 Lex(e1|e2)=60.82201 Lex(e2|e1)=60.82201 Lexical=1 LogCount=3.04452 MVLSASim=NA Monotonic=1 OtherRelated=0.339673 PhrasePenalty=1 RarityPenalty=0 ForwardEntailment=0.115206 SourceTerminalsButNoTarget=0 SourceWords=1 TargetComplexity=0.99086 TargetTerminalsButNoSource=0 TargetWords=1 UnalignedSource=0 UnalignedTarget=0 WordCountDiff=0 WordLenDiff=-2.00000 WordLogCR=0 ||| 0-0 ||| Equivalence
[JJ] ||| marginalized ||| marginalised ||| PPDB2.0Score=4.62339 PPDB1.0Score=4.691220 -logp(LHS|e1)=0.54469 -logp(LHS|e2)=0.52753 -logp(e1|LHS)=10.46605 -logp(e1|e2)=1.68321 -logp(e1|e2,LHS)=1.53426 -logp(e2|LHS)=11.77369 -logp(e2|e1)=3.00801 -logp(e2|e1,LHS)=2.84190 AGigaSim=0.90399 Abstract=0 Adjacent=0 CharCountDiff=0 CharLogCR=0 ContainsX=0 Equivalence=0.426304 Exclusion=0.001164 GlueRule=0 GoogleNgramSim=0 Identity=0 Independent=0.052668 Lex(e1|e2)=60.78118 Lex(e2|e1)=60.78118 Lexical=1 LogCount=3.43399 MVLSASim=NA Monotonic=1 OtherRelated=0.401462 PhrasePenalty=1 RarityPenalty=0 ReverseEntailment=0.118403 SourceTerminalsButNoTarget=0 SourceWords=1 TargetComplexity=0.99850 TargetFormality=1.00000 TargetTerminalsButNoSource=0 TargetWords=1 UnalignedSource=0 UnalignedTarget=0 WordCountDiff=0 WordLenDiff=0 WordLogCR=0 ||| 0-0 ||| Equivalence
[JJ] ||| homogeneous ||| homogenous ||| PPDB2.0Score=4.62272 PPDB1.0Score=3.350540 -logp(LHS|e1)=0.17758 -logp(LHS|e2)=0.02116 -logp(e1|LHS)=11.35573 -logp(e1|e2)=1.18163 -logp(e1|e2,LHS)=1.09118 -logp(e2|LHS)=12.18660 -logp(e2|e1)=2.16891 -logp(e2|e1,LHS)=1.92205 AGigaSim=0.88764 Abstract=0 Adjacent=0 CharCountDiff=-1 CharLogCR=-0.09531 ContainsX=0 Equivalence=0.519930 Exclusion=0.000813 GlueRule=0 GoogleNgramSim=0 Identity=0 Independent=0.040278 Lex(e1|e2)=60.59888 Lex(e2|e1)=60.59888 Lexical=1 LogCount=3.46574 MVLSASim=NA Monotonic=1 OtherRelated=0.321611 PhrasePenalty=1 RarityPenalty=0 ForwardEntailment=0.117368 SourceTerminalsButNoTarget=0 SourceWords=1 TargetComplexity=0.99729 TargetFormality=1.00000 TargetTerminalsButNoSource=0 TargetWords=1 UnalignedSource=0 UnalignedTarget=0 WordCountDiff=0 WordLenDiff=-1.00000 WordLogCR=0 ||| 0-0 ||| Equivalence
[JJ] ||| ever-growing ||| ever-increasing ||| PPDB2.0Score=4.62110 PPDB1.0Score=6.683880 -logp(LHS|e1)=0.00112 -logp(LHS|e2)=0.00627 -logp(e1|LHS)=12.28048 -logp(e1|e2)=3.97898 -logp(e1|e2,LHS)=2.96132 -logp(e2|LHS)=11.01155 -logp(e2|e1)=2.70490 -logp(e2|e1,LHS)=1.69239 AGigaSim=0.51410 Abstract=0 Adjacent=0 CharCountDiff=3 CharLogCR=0.22314 ContainsX=0 Equivalence=0.455499 Exclusion=0.001519 GlueRule=0 GoogleNgramSim=0.03681 Identity=0 Independent=0.113215 Lex(e1|e2)=59.63060 Lex(e2|e1)=59.63060 Lexical=1 LogCount=4.39445 MVLSASim=NA Monotonic=1 OtherRelated=0.264222 PhrasePenalty=1 RarityPenalty=0 ReverseEntailment=0.165546 SourceTerminalsButNoTarget=0 SourceWords=1 TargetComplexity=0.99720 TargetFormality=1.00000 TargetTerminalsButNoSource=0 TargetWords=1 UnalignedSource=0 UnalignedTarget=0 WordCountDiff=0 WordLenDiff=3.00000 WordLogCR=0 ||| 0-0 ||| Equivalence
[JJ] ||| political-military ||| politico-military ||| PPDB2.0Score=4.62079 PPDB1.0Score=3.598380 -logp(LHS|e1)=0.14439 -logp(LHS|e2)=0.17056 -logp(e1|LHS)=14.44146 -logp(e1|e2)=2.32115 -logp(e1|e2,LHS)=2.05474 -logp(e2|LHS)=13.42370 -logp(e2|e1)=1.27723 -logp(e2|e1,LHS)=1.03698 AGigaSim=0.52459 Abstract=0 Adjacent=0 CharCountDiff=-1 CharLogCR=-0.05716 ContainsX=0 Equivalence=0.524041 Exclusion=0.005119 GlueRule=0 GoogleNgramSim=0 Identity=0 Independent=0.017326 Lex(e1|e2)=61.60213 Lex(e2|e1)=61.60213 Lexical=1 LogCount=2.19722 MVLSASim=NA Monotonic=1 OtherRelated=0.198734 PhrasePenalty=1 RarityPenalty=0 ReverseEntailment=0.254780 SourceTerminalsButNoTarget=0 SourceWords=1 TargetComplexity=1.00000 TargetTerminalsButNoSource=0 TargetWords=1 UnalignedSource=0 UnalignedTarget=0 WordCountDiff=0 WordLenDiff=-1.00000 WordLogCR=0 ||| 0-0 ||| Equivalence
[JJ] ||| industrialised ||| industrialized ||| PPDB2.0Score=4.62039 PPDB1.0Score=4.292920 -logp(LHS|e1)=0.40350 -logp(LHS|e2)=0.15461 -logp(e1|LHS)=11.10960 -logp(e1|e2)=2.57747 -logp(e1|e2,LHS)=2.57598 -logp(e2|LHS)=9.99869 -logp(e2|e1)=1.71545 -logp(e2|e1,LHS)=1.46507 AGigaSim=0.73265 Abstract=0 Adjacent=0 CharCountDiff=0 CharLogCR=0 ContainsX=0 Equivalence=0.447584 Exclusion=0.002261 GlueRule=0 GoogleNgramSim=0.01841 Identity=0 Independent=0.071303 Lex(e1|e2)=60.36248 Lex(e2|e1)=60.36248 Lexical=1 LogCount=3.68888 MVLSASim=NA Monotonic=1 OtherRelated=0.384213 PhrasePenalty=1 RarityPenalty=0 ForwardEntailment=0.094639 SourceTerminalsButNoTarget=0 SourceWords=1 TargetComplexity=0.99252 TargetFormality=1.00000 TargetTerminalsButNoSource=0 TargetWords=1 UnalignedSource=0 UnalignedTarget=0 WordCountDiff=0 WordLenDiff=0 WordLogCR=0 ||| 0-0 ||| Equivalence
[NN] ||| anaesthesia ||| anesthesia ||| PPDB2.0Score=4.61986 PPDB1.0Score=3.305280 -logp(LHS|e1)=0.40547 -logp(LHS|e2)=0.24056 -logp(e1|LHS)=14.99679 -logp(e1|e2)=1.92308 -logp(e1|e2,LHS)=1.71882 -logp(e2|LHS)=14.29101 -logp(e2|e1)=1.38220 -logp(e2|e1,LHS)=1.01305 AGigaSim=0.80321 Abstract=0 Adjacent=0 CharCountDiff=-1 CharLogCR=-0.09531 ContainsX=0 Equivalence=0.539160 Exclusion=0.000646 GlueRule=0 GoogleNgramSim=0 Identity=0 Independent=0.048323 Lex(e1|e2)=61.92059 Lex(e2|e1)=61.92059 Lexical=1 LogCount=1.60944 MVLSASim=NA Monotonic=1 OtherRelated=0.112684 PhrasePenalty=1 RarityPenalty=0 ForwardEntailment=0.299186 SourceTerminalsButNoTarget=0 SourceWords=1 TargetComplexity=0.99161 TargetTerminalsButNoSource=0 TargetWords=1 UnalignedSource=0 UnalignedTarget=0 WordCountDiff=0 WordLenDiff=-1.00000 WordLogCR=0 ||| 0-0 ||| Equivalence
[NN] ||| liberalization ||| liberalisation ||| PPDB2.0Score=4.61945 PPDB1.0Score=3.570650 -logp(LHS|e1)=0.02481 -logp(LHS|e2)=0.00688 -logp(e1|LHS)=9.56730 -logp(e1|e2)=1.89800 -logp(e1|e2,LHS)=1.60000 -logp(e2|LHS)=9.32402 -logp(e2|e1)=1.67265 -logp(e2|e1,LHS)=1.35672 AGigaSim=0.88764 Abstract=0 Adjacent=0 CharCountDiff=0 CharLogCR=0 ContainsX=0 Equivalence=0.511454 Exclusion=0.000137 GlueRule=0 GoogleNgramSim=0 Identity=0 Independent=0.243278 Lex(e1|e2)=59.15590 Lex(e2|e1)=59.15590 Lexical=1 LogCount=5.12396 MVLSASim=NA Monotonic=1 OtherRelated=0.138021 PhrasePenalty=1 RarityPenalty=0 ForwardEntailment=0.107111 SourceTerminalsButNoTarget=0 SourceWords=1 TargetComplexity=0.99849 TargetFormality=0.99878 TargetTerminalsButNoSource=0 TargetWords=1 UnalignedSource=0 UnalignedTarget=0 WordCountDiff=0 WordLenDiff=0 WordLogCR=0 ||| 0-0 ||| Equivalence
[JJ] ||| rules-based ||| rule-based ||| PPDB2.0Score=4.61904 PPDB1.0Score=3.266230 -logp(LHS|e1)=0.03952 -logp(LHS|e2)=0.03271 -logp(e1|LHS)=12.28160 -logp(e1|e2)=1.56334 -logp(e1|e2,LHS)=1.47732 -logp(e2|LHS)=12.41433 -logp(e2|e1)=1.70289 -logp(e2|e1,LHS)=1.61005 AGigaSim=0.66242 Abstract=0 Adjacent=0 CharCountDiff=-1 CharLogCR=-0.09531 ContainsX=0 Equivalence=0.456256 Exclusion=0.009340 GlueRule=0 GoogleNgramSim=0 Identity=0 Independent=0.050497 Lex(e1|e2)=60.44471 Lex(e2|e1)=60.44471 Lexical=1 LogCount=3.58352 MVLSASim=NA Monotonic=1 OtherRelated=0.361000 PhrasePenalty=1 RarityPenalty=0 ForwardEntailment=0.122907 SourceTerminalsButNoTarget=0 SourceWords=1 TargetFormality=1.00000 TargetTerminalsButNoSource=0 TargetWords=1 UnalignedSource=0 UnalignedTarget=0 WordCountDiff=0 WordLenDiff=-1.00000 WordLogCR=0 ||| 0-0 ||| Equivalence
[NNS] ||| offerings ||| offers ||| PPDB2.0Score=4.61858 PPDB1.0Score=6.623050 -logp(LHS|e1)=0.08087 -logp(LHS|e2)=1.75881 -logp(e1|LHS)=10.65825 -logp(e1|e2)=4.65848 -logp(e1|e2,LHS)=2.61332 -logp(e2|LHS)=9.64229 -logp(e2|e1)=1.96457 -logp(e2|e1,LHS)=1.59736 AGigaSim=0.47140 Abstract=0 Adjacent=0 CharCountDiff=-3 CharLogCR=-0.40547 ContainsX=0 Equivalence=0.452862 Exclusion=0.000001 GlueRule=0 GoogleNgramSim=0.03681 Identity=0 Independent=0.019085 Lex(e1|e2)=60.59885 Lex(e2|e1)=60.59885 Lexical=1 LogCount=3.40120 MVLSASim=NA Monotonic=1 OtherRelated=0.028190 PhrasePenalty=1 RarityPenalty=0 ForwardEntailment=0.499862 SourceTerminalsButNoTarget=0 SourceWords=1 TargetComplexity=0.99376 TargetFormality=1.00000 TargetTerminalsButNoSource=0 TargetWords=1 UnalignedSource=0 UnalignedTarget=0 WordCountDiff=0 WordLenDiff=-3.00000 WordLogCR=0 ||| 0-0 ||| ForwardEntailment
[JJ] ||| fibre-optic ||| fiber-optic ||| PPDB2.0Score=4.61817 PPDB1.0Score=4.990310 -logp(LHS|e1)=0.03922 -logp(LHS|e2)=0.35802 -logp(e1|LHS)=14.06555 -logp(e1|e2)=2.85282 -logp(e1|e2,LHS)=2.01443 -logp(e2|LHS)=13.66902 -logp(e2|e1)=2.13749 -logp(e2|e1,LHS)=1.61790 AGigaSim=0.68954 Abstract=0 Adjacent=0 CharCountDiff=0 CharLogCR=0 ContainsX=0 Equivalence=0.398941 Exclusion=0.004428 GlueRule=0 GoogleNgramSim=0 Identity=0 Independent=0.130058 Lex(e1|e2)=62.39058 Lex(e2|e1)=62.39058 Lexical=1 LogCount=1.09861 MVLSASim=NA Monotonic=1 OtherRelated=0.348601 PhrasePenalty=1 RarityPenalty=0 ReverseEntailment=0.117972 SourceTerminalsButNoTarget=0 SourceWords=1 TargetComplexity=1.00000 TargetTerminalsButNoSource=0 TargetWords=1 UnalignedSource=0 UnalignedTarget=0 WordCountDiff=0 WordLenDiff=0 WordLogCR=0 ||| 0-0 ||| Equivalence
[JJ] ||| non-government ||| nongovernmental ||| PPDB2.0Score=4.61800 PPDB1.0Score=7.487760 -logp(LHS|e1)=0.22389 -logp(LHS|e2)=0.04468 -logp(e1|LHS)=11.08561 -logp(e1|e2)=3.26550 -logp(e1|e2,LHS)=3.18741 -logp(e2|LHS)=11.86316 -logp(e2|e1)=4.22226 -logp(e2|e1,LHS)=3.96495 AGigaSim=0.67156 Abstract=0 Adjacent=0 CharCountDiff=1 CharLogCR=0.06899 ContainsX=0 Equivalence=0.543467 Exclusion=0.000504 GlueRule=0 GoogleNgramSim=0 Identity=0 Independent=0.044641 Lex(e1|e2)=60.86455 Lex(e2|e1)=60.86455 Lexical=1 LogCount=3.25810 MVLSASim=NA Monotonic=1 OtherRelated=0.243302 PhrasePenalty=1 RarityPenalty=0 ForwardEntailment=0.168086 SourceTerminalsButNoTarget=0 SourceWords=1 TargetComplexity=0.99845 TargetFormality=1.00000 TargetTerminalsButNoSource=0 TargetWords=1 UnalignedSource=0 UnalignedTarget=0 WordCountDiff=0 WordLenDiff=1.00000 WordLogCR=0 ||| 0-0 ||| Equivalence
[NNS] ||| bans ||| banning ||| PPDB2.0Score=4.61775 PPDB1.0Score=13.751930 -logp(LHS|e1)=0.39655 -logp(LHS|e2)=6.04076 -logp(e1|LHS)=10.73182 -logp(e1|e2)=7.21940 -logp(e1|e2,LHS)=1.87742 -logp(e2|LHS)=15.68915 -logp(e2|e1)=6.53253 -logp(e2|e1,LHS)=6.83475 AGigaSim=0.54532 Abstract=0 Adjacent=0 CharCountDiff=3 CharLogCR=0.55962 ContainsX=0 Equivalence=0.493086 Exclusion=0.000001 GlueRule=0 GoogleNgramSim=0.17096 Identity=0 Independent=0.082816 Lex(e1|e2)=62.20827 Lex(e2|e1)=62.20827 Lexical=1 LogCount=1.38629 MVLSASim=NA Monotonic=1 OtherRelated=0.052493 PhrasePenalty=1 RarityPenalty=0.00005 ReverseEntailment=0.371604 SourceTerminalsButNoTarget=0 SourceWords=1 TargetComplexity=0.99013 TargetFormality=0.99870 TargetTerminalsButNoSource=0 TargetWords=1 UnalignedSource=0 UnalignedTarget=0 WordCountDiff=0 WordLenDiff=3.00000 WordLogCR=0 ||| 0-0 ||| Equivalence
[JJ] ||| privatised ||| privatized ||| PPDB2.0Score=4.61610 PPDB1.0Score=4.030530 -logp(LHS|e1)=1.47509 -logp(LHS|e2)=1.29503 -logp(e1|LHS)=13.91140 -logp(e1|e2)=2.22856 -logp(e1|e2,LHS)=2.09459 -logp(e2|LHS)=13.30475 -logp(e2|e1)=1.80197 -logp(e2|e1,LHS)=1.48794 AGigaSim=0.95694 Abstract=0 Adjacent=0 CharCountDiff=0 CharLogCR=0 ContainsX=0 Equivalence=0.411015 Exclusion=0.002781 GlueRule=0 GoogleNgramSim=0.02454 Identity=0 Independent=0.094521 Lex(e1|e2)=61.29202 Lex(e2|e1)=61.29202 Lexical=1 LogCount=2.48491 MVLSASim=NA Monotonic=1 OtherRelated=0.357102 PhrasePenalty=1 RarityPenalty=0 ReverseEntailment=0.134581 SourceTerminalsButNoTarget=0 SourceWords=1 TargetComplexity=0.99426 TargetFormality=1.00000 TargetTerminalsButNoSource=0 TargetWords=1 UnalignedSource=0 UnalignedTarget=0 WordCountDiff=0 WordLenDiff=0 WordLogCR=0 ||| 0-0 ||| Equivalence
[JJ] ||| co-chair ||| co-chairman ||| PPDB2.0Score=4.61458 PPDB1.0Score=4.288970 -logp(LHS|e1)=2.23424 -logp(LHS|e2)=2.79193 -logp(e1|LHS)=13.27710 -logp(e1|e2)=1.25665 -logp(e1|e2,LHS)=1.17752 -logp(e2|LHS)=15.61045 -logp(e2|e1)=3.03232 -logp(e2|e1,LHS)=3.51088 AGigaSim=0.91911 Abstract=0 Adjacent=0 CharCountDiff=3 CharLogCR=0.31845 ContainsX=0 Equivalence=0.427493 Exclusion=0.000274 GlueRule=0 GoogleNgramSim=0 Identity=0 Independent=0.072064 Lex(e1|e2)=62.61371 Lex(e2|e1)=62.61371 Lexical=1 LogCount=0.69315 MVLSASim=NA Monotonic=1 OtherRelated=0.416680 PhrasePenalty=1 RarityPenalty=0 ForwardEntailment=0.083488 SourceTerminalsButNoTarget=0 SourceWords=1 TargetComplexity=0.99245 TargetFormality=1.00000 TargetTerminalsButNoSource=0 TargetWords=1 UnalignedSource=0 UnalignedTarget=0 WordCountDiff=0 WordLenDiff=3.00000 WordLogCR=0 ||| 0-0 ||| Equivalence
[JJ] ||| south-western ||| south-west ||| PPDB2.0Score=4.61448 PPDB1.0Score=5.561750 -logp(LHS|e1)=0.11800 -logp(LHS|e2)=0.72656 -logp(e1|LHS)=12.83982 -logp(e1|e2)=3.62391 -logp(e1|e2,LHS)=2.82574 -logp(e2|LHS)=11.76230 -logp(e2|e1)=1.93784 -logp(e2|e1,LHS)=1.74823 AGigaSim=0.63439 Abstract=0 Adjacent=0 CharCountDiff=-3 CharLogCR=-0.26236 ContainsX=0 Equivalence=0.470726 Exclusion=0.000991 GlueRule=0 GoogleNgramSim=0.06132 Identity=0 Independent=0.052832 Lex(e1|e2)=60.82200 Lex(e2|e1)=60.82200 Lexical=1 LogCount=3.21888 MVLSASim=NA Monotonic=1 OtherRelated=0.089722 PhrasePenalty=1 RarityPenalty=0 ForwardEntailment=0.385729 SourceTerminalsButNoTarget=0 SourceWords=1 TargetComplexity=0.99719 TargetTerminalsButNoSource=0 TargetWords=1 UnalignedSource=0 UnalignedTarget=0 WordCountDiff=0 WordLenDiff=-3.00000 WordLogCR=0 ||| 0-0 ||| Equivalence
[NNS] ||| fighting ||| fights ||| PPDB2.0Score=4.61444 PPDB1.0Score=15.402050 -logp(LHS|e1)=8.13640 -logp(LHS|e2)=0.69824 -logp(e1|LHS)=16.18814 -logp(e1|e2)=6.00911 -logp(e1|e2,LHS)=7.06584 -logp(e2|LHS)=12.13380 -logp(e2|e1)=9.39294 -logp(e2|e1,LHS)=3.01150 AGigaSim=0.54532 Abstract=0 Adjacent=0 CharCountDiff=-2 CharLogCR=-0.28768 ContainsX=0 Equivalence=0.457854 Exclusion=0.000001 GlueRule=0 GoogleNgramSim=0.06744 Identity=0 Independent=0.021960 Lex(e1|e2)=62.61372 Lex(e2|e1)=62.61372 Lexical=1 LogCount=0.69315 MVLSASim=NA Monotonic=1 OtherRelated=0.066135 PhrasePenalty=1 RarityPenalty=0.04979 ForwardEntailment=0.454050 SourceTerminalsButNoTarget=0 SourceWords=1 TargetComplexity=0.97769 TargetFormality=0.98907 TargetTerminalsButNoSource=0 TargetWords=1 UnalignedSource=0 UnalignedTarget=0 WordCountDiff=0 WordLenDiff=-2.00000 WordLogCR=0 ||| 0-0 ||| Equivalence
[NNS] ||| fightings ||| fights ||| PPDB2.0Score=4.61444 PPDB1.0Score=16.326170 -logp(LHS|e1)=0.05407 -logp(LHS|e2)=0.69824 -logp(e1|LHS)=16.13098 -logp(e1|e2)=10.48376 -logp(e1|e2,LHS)=7.41123 -logp(e2|LHS)=12.13380 -logp(e2|e1)=5.84241 -logp(e2|e1,LHS)=3.41405 AGigaSim=0.90399 Abstract=0 Adjacent=0 CharCountDiff=-3 CharLogCR=-0.40547 ContainsX=0 Equivalence=0.457854 Exclusion=0.000001 GlueRule=0 GoogleNgramSim=0 Identity=0 Independent=0.021960 Lex(e1|e2)=62.61372 Lex(e2|e1)=62.61372 Lexical=1 LogCount=0.69315 MVLSASim=NA Monotonic=1 OtherRelated=0.066135 PhrasePenalty=1 RarityPenalty=0.00674 ForwardEntailment=0.454050 SourceTerminalsButNoTarget=0 SourceWords=1 TargetTerminalsButNoSource=0 TargetWords=1 UnalignedSource=0 UnalignedTarget=0 WordCountDiff=0 WordLenDiff=-3.00000 WordLogCR=0 ||| 0-0 ||| Equivalence
[NNS] ||| fightings ||| fight ||| PPDB2.0Score=4.61444 PPDB1.0Score=17.131250 -logp(LHS|e1)=0.05407 -logp(LHS|e2)=7.27467 -logp(e1|LHS)=16.13098 -logp(e1|e2)=13.00239 -logp(e1|e2,LHS)=6.22969 -logp(e2|LHS)=14.47806 -logp(e2|e1)=4.12886 -logp(e2|e1,LHS)=4.57677 AGigaSim=0.44961 Abstract=0 Adjacent=0 CharCountDiff=-4 CharLogCR=-0.58779 ContainsX=0 Equivalence=0.457854 Exclusion=0.000001 GlueRule=0 GoogleNgramSim=0 Identity=0 Independent=0.021960 Lex(e1|e2)=62.90141 Lex(e2|e1)=62.90141 Lexical=1 LogCount=0 MVLSASim=NA Monotonic=1 OtherRelated=0.066135 PhrasePenalty=1 RarityPenalty=0.36788 ForwardEntailment=0.454050 SourceTerminalsButNoTarget=0 SourceWords=1 TargetTerminalsButNoSource=0 TargetWords=1 UnalignedSource=0 UnalignedTarget=0 WordCountDiff=0 WordLenDiff=-4.00000 WordLogCR=0 ||| 0-0 ||| Equivalence
[JJ] ||| north ||| northern ||| PPDB2.0Score=4.61237 PPDB1.0Score=2.783980 -logp(LHS|e1)=2.41230 -logp(LHS|e2)=0.53093 -logp(e1|LHS)=9.50364 -logp(e1|e2)=1.29652 -logp(e1|e2,LHS)=2.13353 -logp(e2|LHS)=7.81321 -logp(e2|e1)=1.48746 -logp(e2|e1,LHS)=0.44310 AGigaSim=0.60551 Abstract=0 Adjacent=0 CharCountDiff=3 CharLogCR=0.47000 ContainsX=0 Equivalence=0.413852 Exclusion=0.000073 GlueRule=0 GoogleNgramSim=0 Identity=0 Independent=0.160822 Lex(e1|e2)=59.08009 Lex(e2|e1)=59.08009 Lexical=1 LogCount=5.08140 MVLSASim=NA Monotonic=1 OtherRelated=0.097554 PhrasePenalty=1 RarityPenalty=0 ReverseEntailment=0.327698 SourceTerminalsButNoTarget=0 SourceWords=1 TargetComplexity=0.98162 TargetFormality=0.94198 TargetTerminalsButNoSource=0 TargetWords=1 UnalignedSource=0 UnalignedTarget=0 WordCountDiff=0 WordLenDiff=3.00000 WordLogCR=0 ||| 0-0 ||| Equivalence
[JJ] ||| civilised ||| civilized ||| PPDB2.0Score=4.61209 PPDB1.0Score=3.423650 -logp(LHS|e1)=0.00268 -logp(LHS|e2)=0.01655 -logp(e1|LHS)=11.07550 -logp(e1|e2)=1.76865 -logp(e1|e2,LHS)=1.65586 -logp(e2|LHS)=10.97572 -logp(e2|e1)=1.65500 -logp(e2|e1,LHS)=1.55608 AGigaSim=0.72425 Abstract=0 Adjacent=0 CharCountDiff=0 CharLogCR=0 ContainsX=0 Equivalence=0.491792 Exclusion=0.000964 GlueRule=0 GoogleNgramSim=0 Identity=0 Independent=0.058584 Lex(e1|e2)=60.26238 Lex(e2|e1)=60.26238 Lexical=1 LogCount=3.80666 MVLSASim=NA Monotonic=1 OtherRelated=0.289054 PhrasePenalty=1 RarityPenalty=0 ReverseEntailment=0.159606 SourceTerminalsButNoTarget=0 SourceWords=1 TargetComplexity=0.99220 TargetFormality=1.00000 TargetTerminalsButNoSource=0 TargetWords=1 UnalignedSource=0 UnalignedTarget=0 WordCountDiff=0 WordLenDiff=0 WordLogCR=0 ||| 0-0 ||| Equivalence
[CD] ||| millions ||| billion ||| PPDB2.0Score=4.61072 PPDB1.0Score=9.110740 -logp(LHS|e1)=3.13581 -logp(LHS|e2)=0.00926 -logp(e1|LHS)=10.32302 -logp(e1|e2)=5.25343 -logp(e1|e2,LHS)=10.62811 -logp(e2|LHS)=5.80036 -logp(e2|e1)=3.85731 -logp(e2|e1,LHS)=6.10544 AGigaSim=0.15886 Abstract=0 Adjacent=0 CharCountDiff=-1 CharLogCR=-0.13353 ContainsX=0 Equivalence=0.376107 Exclusion=0.023757 GlueRule=0 GoogleNgramSim=0.02454 Identity=0 Independent=0.254992 Lex(e1|e2)=62.05412 Lex(e2|e1)=62.05412 Lexical=1 LogCount=1.38629 MVLSASim=NA Monotonic=1 OtherRelated=0.256110 PhrasePenalty=1 RarityPenalty=0 ForwardEntailment=0.089034 SourceTerminalsButNoTarget=0 SourceWords=1 TargetComplexity=0.97733 TargetFormality=0.99349 TargetTerminalsButNoSource=0 TargetWords=1 UnalignedSource=0 UnalignedTarget=0 WordCountDiff=0 WordLenDiff=-1.00000 WordLogCR=0 ||| 0-0 ||| Equivalence
[CD] ||| million ||| billions ||| PPDB2.0Score=4.61072 PPDB1.0Score=18.271790 -logp(LHS|e1)=0.00772 -logp(LHS|e2)=4.00684 -logp(e1|LHS)=4.81994 -logp(e1|e2)=7.13647 -logp(e1|e2,LHS)=5.48103 -logp(e2|LHS)=12.81790 -logp(e2|e1)=11.13532 -logp(e2|e1,LHS)=13.47899 AGigaSim=0.19509 Abstract=0 Adjacent=0 CharCountDiff=1 CharLogCR=0.13353 ContainsX=0 Equivalence=0.376107 Exclusion=0.023757 GlueRule=0 GoogleNgramSim=0.06744 Identity=0 Independent=0.254992 Lex(e1|e2)=62.90141 Lex(e2|e1)=62.90141 Lexical=1 LogCount=0 MVLSASim=NA Monotonic=1 OtherRelated=0.256110 PhrasePenalty=1 RarityPenalty=0 ForwardEntailment=0.089034 SourceTerminalsButNoTarget=0 SourceWords=1 TargetComplexity=0.98836 TargetFormality=0.99605 TargetTerminalsButNoSource=0 TargetWords=1 UnalignedSource=0 UnalignedTarget=0 WordCountDiff=0 WordLenDiff=1.00000 WordLogCR=0 ||| 0-0 ||| Equivalence
[CD] ||| million ||| billion ||| PPDB2.0Score=4.61072 PPDB1.0Score=5.597460 -logp(LHS|e1)=0.00772 -logp(LHS|e2)=0.00926 -logp(e1|LHS)=4.81994 -logp(e1|e2)=2.30929 -logp(e1|e2,LHS)=2.15722 -logp(e2|LHS)=5.80036 -logp(e2|e1)=3.28817 -logp(e2|e1,LHS)=3.13763 AGigaSim=0.91421 Abstract=0 Adjacent=0 CharCountDiff=0 CharLogCR=0 ContainsX=0 Equivalence=0.376107 Exclusion=0.023757 GlueRule=0 GoogleNgramSim=0 Identity=0 Independent=0.254992 Lex(e1|e2)=59.68256 Lex(e2|e1)=59.68256 Lexical=1 LogCount=4.85981 MVLSASim=NA Monotonic=1 OtherRelated=0.256110 PhrasePenalty=1 RarityPenalty=0 ForwardEntailment=0.089034 SourceTerminalsButNoTarget=0 SourceWords=1 TargetComplexity=0.98836 TargetFormality=0.99605 TargetTerminalsButNoSource=0 TargetWords=1 UnalignedSource=0 UnalignedTarget=0 WordCountDiff=0 WordLenDiff=0 WordLogCR=0 ||| 0-0 ||| Equivalence
[NNS] ||| crops ||| cropping ||| PPDB2.0Score=4.61069 PPDB1.0Score=10.149630 -logp(LHS|e1)=0.05286 -logp(LHS|e2)=1.90424 -logp(e1|LHS)=8.94543 -logp(e1|e2)=3.21797 -logp(e1|e2,LHS)=1.69680 -logp(e2|LHS)=14.51050 -logp(e2|e1)=6.93166 -logp(e2|e1,LHS)=7.26187 AGigaSim=0.03681 Abstract=0 Adjacent=0 CharCountDiff=3 CharLogCR=0.47000 ContainsX=0 Equivalence=0.237768 Exclusion=0.000167 GlueRule=0 GoogleNgramSim=0.07356 Identity=0 Independent=0.205918 Lex(e1|e2)=62.05413 Lex(e2|e1)=62.05413 Lexical=1 LogCount=1.60944 MVLSASim=NA Monotonic=1 OtherRelated=0.115577 PhrasePenalty=1 RarityPenalty=0 ReverseEntailment=0.440569 SourceTerminalsButNoTarget=0 SourceWords=1 TargetComplexity=0.98529 TargetFormality=0.99173 TargetTerminalsButNoSource=0 TargetWords=1 UnalignedSource=0 UnalignedTarget=0 WordCountDiff=0 WordLenDiff=3.00000 WordLogCR=0 ||| 0-0 ||| ReverseEntailment
[NN] ||| partitioning ||| partition ||| PPDB2.0Score=4.60890 PPDB1.0Score=4.576310 -logp(LHS|e1)=0.51630 -logp(LHS|e2)=0.17912 -logp(e1|LHS)=13.12760 -logp(e1|e2)=3.10778 -logp(e1|e2,LHS)=3.34960 -logp(e2|LHS)=11.15116 -logp(e2|e1)=1.46853 -logp(e2|e1,LHS)=1.37316 AGigaSim=0.67156 Abstract=0 Adjacent=0 CharCountDiff=-3 CharLogCR=-0.28768 ContainsX=0 Equivalence=0.497913 Exclusion=0.000002 GlueRule=0 GoogleNgramSim=0.12850 Identity=0 Independent=0.019616 Lex(e1|e2)=60.50357 Lex(e2|e1)=60.50357 Lexical=1 LogCount=3.49651 MVLSASim=NA Monotonic=1 OtherRelated=0.107227 PhrasePenalty=1 RarityPenalty=0 ForwardEntailment=0.375241 SourceTerminalsButNoTarget=0 SourceWords=1 TargetComplexity=0.99069 TargetTerminalsButNoSource=0 TargetWords=1 UnalignedSource=0 UnalignedTarget=0 WordCountDiff=0 WordLenDiff=-3.00000 WordLogCR=0 ||| 0-0 ||| Equivalence
[RB] ||| financially ||| economically ||| PPDB2.0Score=4.60866 PPDB1.0Score=7.230230 -logp(LHS|e1)=0.00373 -logp(LHS|e2)=0.00938 -logp(e1|LHS)=8.70379 -logp(e1|e2)=4.02690 -logp(e1|e2,LHS)=3.18809 -logp(e2|LHS)=7.88588 -logp(e2|e1)=3.20333 -logp(e2|e1,LHS)=2.37017 AGigaSim=0.64383 Abstract=0 Adjacent=0 CharCountDiff=1 CharLogCR=0.08701 ContainsX=0 Equivalence=0.002855 Exclusion=0.108415 GlueRule=0 GoogleNgramSim=0.00614 Identity=0 Independent=0.149639 Lex(e1|e2)=9.79329 Lex(e2|e1)=60.04882 Lexical=1 LogCount=3.95124 MVLSASim=NA Monotonic=1 OtherRelated=0.665043 PhrasePenalty=1 RarityPenalty=0 ForwardEntailment=0.074048 SourceTerminalsButNoTarget=0 SourceWords=1 TargetComplexity=0.99514 TargetFormality=0.98481 TargetTerminalsButNoSource=0 TargetWords=1 UnalignedSource=0 UnalignedTarget=0 WordCountDiff=0 WordLenDiff=1.00000 WordLogCR=0 ||| 0-0 ||| OtherRelated
[NN] ||| colonisation ||| colonization ||| PPDB2.0Score=4.60776 PPDB1.0Score=4.954430 -logp(LHS|e1)=0.02324 -logp(LHS|e2)=0.04294 -logp(e1|LHS)=13.45212 -logp(e1|e2)=3.33771 -logp(e1|e2,LHS)=3.11701 -logp(e2|LHS)=11.75083 -logp(e2|e1)=1.61672 -logp(e2|e1,LHS)=1.41572 AGigaSim=0.88192 Abstract=0 Adjacent=0 CharCountDiff=0 CharLogCR=0 ContainsX=0 Equivalence=0.427363 Exclusion=0.001297 GlueRule=0 GoogleNgramSim=0.01841 Identity=0 Independent=0.064078 Lex(e1|e2)=61.05562 Lex(e2|e1)=61.05562 Lexical=1 LogCount=2.77259 MVLSASim=NA Monotonic=1 OtherRelated=0.247117 PhrasePenalty=1 RarityPenalty=0 ReverseEntailment=0.260144 SourceTerminalsButNoTarget=0 SourceWords=1 TargetComplexity=0.99477 TargetFormality=1.00000 TargetTerminalsButNoSource=0 TargetWords=1 UnalignedSource=0 UnalignedTarget=0 WordCountDiff=0 WordLenDiff=0 WordLogCR=0 ||| 0-0 ||| Equivalence
[JJ] ||| rule-based ||| rules-based ||| PPDB2.0Score=4.60611 PPDB1.0Score=3.266200 -logp(LHS|e1)=0.03271 -logp(LHS|e2)=0.03952 -logp(e1|LHS)=12.41433 -logp(e1|e2)=1.70287 -logp(e1|e2,LHS)=1.61002 -logp(e2|LHS)=12.28160 -logp(e2|e1)=1.56333 -logp(e2|e1,LHS)=1.47729 AGigaSim=0.66242 Abstract=0 Adjacent=0 CharCountDiff=1 CharLogCR=0.09531 ContainsX=0 Equivalence=0.456256 Exclusion=0.009340 GlueRule=0 GoogleNgramSim=0 Identity=0 Independent=0.050497 Lex(e1|e2)=60.44471 Lex(e2|e1)=60.44471 Lexical=1 LogCount=3.58352 MVLSASim=NA Monotonic=1 OtherRelated=0.361000 PhrasePenalty=1 RarityPenalty=0 ReverseEntailment=0.122907 SourceTerminalsButNoTarget=0 SourceWords=1 TargetComplexity=0.99623 TargetFormality=1.00000 TargetTerminalsButNoSource=0 TargetWords=1 UnalignedSource=0 UnalignedTarget=0 WordCountDiff=0 WordLenDiff=1.00000 WordLogCR=0 ||| 0-0 ||| Equivalence
[CD] ||| seventy ||| 70s ||| PPDB2.0Score=4.60523 PPDB1.0Score=13.337590 -logp(LHS|e1)=0.69210 -logp(LHS|e2)=2.64427 -logp(e1|LHS)=11.16987 -logp(e1|e2)=6.07291 -logp(e1|e2,LHS)=7.73334 -logp(e2|LHS)=14.31381 -logp(e2|e1)=7.26468 -logp(e2|e1,LHS)=10.87728 AGigaSim=0 Abstract=0 Adjacent=0 CharCountDiff=-4 CharLogCR=-0.84730 ContainsX=0 Equivalence=0.438416 Exclusion=0.000151 GlueRule=0 GoogleNgramSim=0 Identity=0 Independent=0.154970 Lex(e1|e2)=62.90141 Lex(e2|e1)=62.90141 Lexical=1 LogCount=0 MVLSASim=NA Monotonic=1 OtherRelated=0.155188 PhrasePenalty=1 RarityPenalty=0.01832 ForwardEntailment=0.251274 SourceTerminalsButNoTarget=0 SourceWords=1 TargetComplexity=0.98840 TargetFormality=0.76409 TargetTerminalsButNoSource=0 TargetWords=1 UnalignedSource=0 UnalignedTarget=0 WordCountDiff=0 WordLenDiff=-4.00000 WordLogCR=0 ||| 0-0 ||| Equivalence
[CD] ||| seventy ||| 70 ||| PPDB2.0Score=4.60523 PPDB1.0Score=5.415770 -logp(LHS|e1)=0.69210 -logp(LHS|e2)=0.02495 -logp(e1|LHS)=11.16987 -logp(e1|e2)=4.54670 -logp(e1|e2,LHS)=4.95906 -logp(e2|LHS)=6.82510 -logp(e2|e1)=0.86907 -logp(e2|e1,LHS)=0.61428 AGigaSim=0.56573 Abstract=0 Adjacent=0 CharCountDiff=-5 CharLogCR=-1.25276 ContainsX=0 Equivalence=0.438416 Exclusion=0.000151 GlueRule=0 GoogleNgramSim=0 Identity=0 Independent=0.154970 Lex(e1|e2)=60.53433 Lex(e2|e1)=60.53433 Lexical=1 LogCount=3.40120 MVLSASim=NA Monotonic=1 OtherRelated=0.155188 PhrasePenalty=1 RarityPenalty=0 ForwardEntailment=0.251274 SourceTerminalsButNoTarget=0 SourceWords=1 TargetComplexity=0.98840 TargetFormality=0.76409 TargetTerminalsButNoSource=0 TargetWords=1 UnalignedSource=0 UnalignedTarget=0 WordCountDiff=0 WordLenDiff=-5.00000 WordLogCR=0 ||| 0-0 ||| Equivalence
[JJ] ||| civil-military ||| civilian-military ||| PPDB2.0Score=4.60440 PPDB1.0Score=3.818670 -logp(LHS|e1)=0.21088 -logp(LHS|e2)=0.11070 -logp(e1|LHS)=12.56444 -logp(e1|e2)=1.45359 -logp(e1|e2,LHS)=1.15860 -logp(e2|LHS)=13.37575 -logp(e2|e1)=2.36508 -logp(e2|e1,LHS)=1.96990 AGigaSim=0.56573 Abstract=0 Adjacent=0 CharCountDiff=3 CharLogCR=0.19416 ContainsX=0 Equivalence=0.525675 Exclusion=0.000297 GlueRule=0 GoogleNgramSim=0 Identity=0 Independent=0.033951 Lex(e1|e2)=60.56609 Lex(e2|e1)=60.56609 Lexical=1 LogCount=3.43399 MVLSASim=NA Monotonic=1 OtherRelated=0.300537 PhrasePenalty=1 RarityPenalty=0 ForwardEntailment=0.139540 SourceTerminalsButNoTarget=0 SourceWords=1 TargetComplexity=1.00000 TargetTerminalsButNoSource=0 TargetWords=1 UnalignedSource=0 UnalignedTarget=0 WordCountDiff=0 WordLenDiff=3.00000 WordLogCR=0 ||| 0-0 ||| Equivalence
[NNS] ||| reviewed ||| reviews ||| PPDB2.0Score=4.60428 PPDB1.0Score=17.383230 -logp(LHS|e1)=7.39189 -logp(LHS|e2)=0.29128 -logp(e1|LHS)=15.21469 -logp(e1|e2)=8.42132 -logp(e1|e2,LHS)=10.41237 -logp(e2|LHS)=8.65467 -logp(e2|e1)=8.96191 -logp(e2|e1,LHS)=3.85234 AGigaSim=0.42756 Abstract=0 Adjacent=0 CharCountDiff=-1 CharLogCR=-0.13353 ContainsX=0 Equivalence=0.502461 Exclusion=0.000004 GlueRule=0 GoogleNgramSim=0.06132 Identity=0 Independent=0.062415 Lex(e1|e2)=62.39058 Lex(e2|e1)=62.39058 Lexical=1 LogCount=1.09861 MVLSASim=NA Monotonic=1 OtherRelated=0.011200 PhrasePenalty=1 RarityPenalty=0.00005 ForwardEntailment=0.423920 SourceTerminalsButNoTarget=0 SourceWords=1 TargetComplexity=0.99359 TargetFormality=0.99915 TargetTerminalsButNoSource=0 TargetWords=1 UnalignedSource=0 UnalignedTarget=0 WordCountDiff=0 WordLenDiff=-1.00000 WordLogCR=0 ||| 0-0 ||| Equivalence
[NN] ||| judgement ||| judgment ||| PPDB2.0Score=4.60355 PPDB1.0Score=4.140220 -logp(LHS|e1)=0.17906 -logp(LHS|e2)=0.23107 -logp(e1|LHS)=9.93254 -logp(e1|e2)=2.24741 -logp(e1|e2,LHS)=1.96664 -logp(e2|LHS)=9.62995 -logp(e2|e1)=1.89281 -logp(e2|e1,LHS)=1.66405 AGigaSim=0.94953 Abstract=0 Adjacent=0 CharCountDiff=-1 CharLogCR=-0.11778 ContainsX=0 Equivalence=0.436856 Exclusion=0.000197 GlueRule=0 GoogleNgramSim=0.00614 Identity=0 Independent=0.123948 Lex(e1|e2)=58.75304 Lex(e2|e1)=58.75304 Lexical=1 LogCount=5.38450 MVLSASim=NA Monotonic=1 OtherRelated=0.325811 PhrasePenalty=1 RarityPenalty=0 ForwardEntailment=0.113187 SourceTerminalsButNoTarget=0 SourceWords=1 TargetComplexity=0.99022 TargetFormality=0.99844 TargetTerminalsButNoSource=0 TargetWords=1 UnalignedSource=0 UnalignedTarget=0 WordCountDiff=0 WordLenDiff=-1.00000 WordLogCR=0 ||| 0-0 ||| Equivalence
[NN] ||| standardisation ||| standardization ||| PPDB2.0Score=4.60279 PPDB1.0Score=4.230680 -logp(LHS|e1)=0.08620 -logp(LHS|e2)=0.43429 -logp(e1|LHS)=10.99673 -logp(e1|e2)=2.33320 -logp(e1|e2,LHS)=1.69128 -logp(e2|LHS)=10.90911 -logp(e2|e1)=1.89748 -logp(e2|e1,LHS)=1.60366 AGigaSim=0.78074 Abstract=0 Adjacent=0 CharCountDiff=0 CharLogCR=0 ContainsX=0 Equivalence=0.450369 Exclusion=0.000434 GlueRule=0 GoogleNgramSim=0.03681 Identity=0 Independent=0.065963 Lex(e1|e2)=59.70959 Lex(e2|e1)=59.70959 Lexical=1 LogCount=4.34381 MVLSASim=NA Monotonic=1 OtherRelated=0.328579 PhrasePenalty=1 RarityPenalty=0 ForwardEntailment=0.154654 SourceTerminalsButNoTarget=0 SourceWords=1 TargetComplexity=0.98897 TargetFormality=1.00000 TargetTerminalsButNoSource=0 TargetWords=1 UnalignedSource=0 UnalignedTarget=0 WordCountDiff=0 WordLenDiff=0 WordLogCR=0 ||| 0-0 ||| Equivalence
[JJ] ||| civilian-military ||| civil-military ||| PPDB2.0Score=4.60267 PPDB1.0Score=3.818610 -logp(LHS|e1)=0.11070 -logp(LHS|e2)=0.21088 -logp(e1|LHS)=13.37575 -logp(e1|e2)=2.36505 -logp(e1|e2,LHS)=1.96990 -logp(e2|LHS)=12.56444 -logp(e2|e1)=1.45356 -logp(e2|e1,LHS)=1.15860 AGigaSim=0.56573 Abstract=0 Adjacent=0 CharCountDiff=-3 CharLogCR=-0.19416 ContainsX=0 Equivalence=0.525675 Exclusion=0.000297 GlueRule=0 GoogleNgramSim=0 Identity=0 Independent=0.033951 Lex(e1|e2)=60.56606 Lex(e2|e1)=60.56606 Lexical=1 LogCount=3.43399 MVLSASim=NA Monotonic=1 OtherRelated=0.300537 PhrasePenalty=1 RarityPenalty=0 ReverseEntailment=0.139540 SourceTerminalsButNoTarget=0 SourceWords=1 TargetComplexity=1.00000 TargetTerminalsButNoSource=0 TargetWords=1 UnalignedSource=0 UnalignedTarget=0 WordCountDiff=0 WordLenDiff=-3.00000 WordLogCR=0 ||| 0-0 ||| Equivalence
[JJ] ||| belarussian ||| belarusian ||| PPDB2.0Score=4.60091 PPDB1.0Score=5.350640 -logp(LHS|e1)=2.26493 -logp(LHS|e2)=1.73965 -logp(e1|LHS)=14.55440 -logp(e1|e2)=3.59963 -logp(e1|e2,LHS)=3.28435 -logp(e2|LHS)=12.18051 -logp(e2|e1)=1.75101 -logp(e2|e1,LHS)=0.91046 AGigaSim=0.67156 Abstract=0 Adjacent=0 CharCountDiff=-1 CharLogCR=-0.09531 ContainsX=0 Equivalence=0.502001 Exclusion=0.001891 GlueRule=0 GoogleNgramSim=0 Identity=0 Independent=0.069159 Lex(e1|e2)=61.22745 Lex(e2|e1)=61.22745 Lexical=1 LogCount=2.83321 MVLSASim=NA Monotonic=1 OtherRelated=0.353053 PhrasePenalty=1 RarityPenalty=0 ReverseEntailment=0.073896 SourceTerminalsButNoTarget=0 SourceWords=1 TargetComplexity=0.97833 TargetFormality=1.00000 TargetTerminalsButNoSource=0 TargetWords=1 UnalignedSource=0 UnalignedTarget=0 WordCountDiff=0 WordLenDiff=-1.00000 WordLogCR=0 ||| 0-0 ||| Equivalence
[VB] ||| harmonize ||| harmonise ||| PPDB2.0Score=4.59994 PPDB1.0Score=4.829110 -logp(LHS|e1)=0.10427 -logp(LHS|e2)=0.05730 -logp(e1|LHS)=8.97856 -logp(e1|e2)=2.36913 -logp(e1|e2,LHS)=1.49486 -logp(e2|LHS)=9.02244 -logp(e2|e1)=2.45998 -logp(e2|e1,LHS)=1.53874 AGigaSim=0.97003 Abstract=0 Adjacent=0 CharCountDiff=0 CharLogCR=0 ContainsX=0 Equivalence=0.457619 Exclusion=0.002233 GlueRule=0 GoogleNgramSim=0.04907 Identity=0 Independent=0.104016 Lex(e1|e2)=59.58121 Lex(e2|e1)=59.58121 Lexical=1 LogCount=4.62497 MVLSASim=NA Monotonic=1 OtherRelated=0.348099 PhrasePenalty=1 RarityPenalty=0 ReverseEntailment=0.088032 SourceTerminalsButNoTarget=0 SourceWords=1 TargetComplexity=0.99640 TargetFormality=1.00000 TargetTerminalsButNoSource=0 TargetWords=1 UnalignedSource=0 UnalignedTarget=0 WordCountDiff=0 WordLenDiff=0 WordLogCR=0 ||| 0-0 ||| Equivalence
[VB] ||| harmonized ||| harmonise ||| PPDB2.0Score=4.59994 PPDB1.0Score=17.324970 -logp(LHS|e1)=6.80825 -logp(LHS|e2)=0.05730 -logp(e1|LHS)=15.41460 -logp(e1|e2)=8.48309 -logp(e1|e2,LHS)=9.21961 -logp(e2|LHS)=9.02244 -logp(e2|e1)=8.84188 -logp(e2|e1,LHS)=2.82746 AGigaSim=0.34842 Abstract=0 Adjacent=0 CharCountDiff=-1 CharLogCR=-0.10536 ContainsX=0 Equivalence=0.457619 Exclusion=0.002233 GlueRule=0 GoogleNgramSim=0.07356 Identity=0 Independent=0.104016 Lex(e1|e2)=62.61372 Lex(e2|e1)=62.61372 Lexical=1 LogCount=0.69315 MVLSASim=NA Monotonic=1 OtherRelated=0.348099 PhrasePenalty=1 RarityPenalty=0.04979 ReverseEntailment=0.088032 SourceTerminalsButNoTarget=0 SourceWords=1 TargetComplexity=0.99816 TargetFormality=1.00000 TargetTerminalsButNoSource=0 TargetWords=1 UnalignedSource=0 UnalignedTarget=0 WordCountDiff=0 WordLenDiff=-1.00000 WordLogCR=0 ||| 0-0 ||| Equivalence
[NN] ||| auditing ||| audits ||| PPDB2.0Score=4.59927 PPDB1.0Score=7.577670 -logp(LHS|e1)=0.22743 -logp(LHS|e2)=0.48521 -logp(e1|LHS)=10.60843 -logp(e1|e2)=4.09774 -logp(e1|e2,LHS)=3.52315 -logp(e2|LHS)=10.24840 -logp(e2|e1)=3.47993 -logp(e2|e1,LHS)=3.16312 AGigaSim=0.48218 Abstract=0 Adjacent=0 CharCountDiff=-2 CharLogCR=-0.28768 ContainsX=0 Equivalence=0.559163 Exclusion=0.000003 GlueRule=0 GoogleNgramSim=0.00614 Identity=0 Independent=0.054578 Lex(e1|e2)=59.40495 Lex(e2|e1)=59.40495 Lexical=1 LogCount=4.63473 MVLSASim=NA Monotonic=1 OtherRelated=0.052037 PhrasePenalty=1 RarityPenalty=0 ForwardEntailment=0.334219 SourceTerminalsButNoTarget=0 SourceWords=1 TargetComplexity=0.99438 TargetFormality=0.99489 TargetTerminalsButNoSource=0 TargetWords=1 UnalignedSource=0 UnalignedTarget=0 WordCountDiff=0 WordLenDiff=-2.00000 WordLogCR=0 ||| 0-0 ||| Equivalence
[NN] ||| auditing ||| audit ||| PPDB2.0Score=4.59927 PPDB1.0Score=4.105960 -logp(LHS|e1)=0.22743 -logp(LHS|e2)=0.43250 -logp(e1|LHS)=10.60843 -logp(e1|e2)=3.29556 -logp(e1|e2,LHS)=2.90398 -logp(e2|LHS)=8.32834 -logp(e2|e1)=0.81040 -logp(e2|e1,LHS)=0.62389 AGigaSim=0.64383 Abstract=0 Adjacent=0 CharCountDiff=-3 CharLogCR=-0.47000 ContainsX=0 Equivalence=0.540886 Exclusion=0.000003 GlueRule=0 GoogleNgramSim=0.05520 Identity=0 Independent=0.056183 Lex(e1|e2)=58.82389 Lex(e2|e1)=58.82389 Lexical=1 LogCount=5.36129 MVLSASim=NA Monotonic=1 OtherRelated=0.038267 PhrasePenalty=1 RarityPenalty=0 ForwardEntailment=0.364661 SourceTerminalsButNoTarget=0 SourceWords=1 TargetComplexity=0.99438 TargetFormality=0.99489 TargetTerminalsButNoSource=0 TargetWords=1 UnalignedSource=0 UnalignedTarget=0 WordCountDiff=0 WordLenDiff=-3.00000 WordLogCR=0 ||| 0-0 ||| Equivalence
